-- phpMyAdmin SQL Dump
-- version 3.5.2.2
-- http://www.phpmyadmin.net
--
-- Host: 127.0.0.1
-- Generation Time: Jan 06, 2014 at 07:39 AM
-- Server version: 5.5.27
-- PHP Version: 5.4.7

SET SQL_MODE="NO_AUTO_VALUE_ON_ZERO";
SET time_zone = "+00:00";


/*!40101 SET @OLD_CHARACTER_SET_CLIENT=@@CHARACTER_SET_CLIENT */;
/*!40101 SET @OLD_CHARACTER_SET_RESULTS=@@CHARACTER_SET_RESULTS */;
/*!40101 SET @OLD_COLLATION_CONNECTION=@@COLLATION_CONNECTION */;
/*!40101 SET NAMES utf8 */;

--
-- Database: `prime_rewards_db`
--

-- --------------------------------------------------------

--
-- Table structure for table `rewards_commisions_status`
--

CREATE TABLE IF NOT EXISTS `rewards_commisions_status` (
  `id` int(11) NOT NULL AUTO_INCREMENT,
  `name` varchar(8) NOT NULL,
  PRIMARY KEY (`id`)
) ENGINE=InnoDB DEFAULT CHARSET=latin1 AUTO_INCREMENT=1 ;

-- --------------------------------------------------------

--
-- Table structure for table `rewards_commissions`
--

CREATE TABLE IF NOT EXISTS `rewards_commissions` (
  `id` int(11) NOT NULL AUTO_INCREMENT,
  `commission_date` int(11) NOT NULL,
  `start_date` date NOT NULL,
  `end_date` date NOT NULL,
  PRIMARY KEY (`id`)
) ENGINE=InnoDB  DEFAULT CHARSET=latin1 AUTO_INCREMENT=21 ;

--
-- Dumping data for table `rewards_commissions`
--

INSERT INTO `rewards_commissions` (`id`, `commission_date`, `start_date`, `end_date`) VALUES
(20, 2014, '2013-12-20', '2014-01-03');

-- --------------------------------------------------------

--
-- Table structure for table `rewards_downlines`
--

CREATE TABLE IF NOT EXISTS `rewards_downlines` (
  `id` int(11) NOT NULL AUTO_INCREMENT,
  `parent` int(10) unsigned zerofill NOT NULL,
  `child` int(10) unsigned zerofill NOT NULL,
  PRIMARY KEY (`id`)
) ENGINE=InnoDB  DEFAULT CHARSET=latin1 AUTO_INCREMENT=35 ;

--
-- Dumping data for table `rewards_downlines`
--

INSERT INTO `rewards_downlines` (`id`, `parent`, `child`) VALUES
(1, 0000000006, 0000000001),
(2, 0000000000, 0000000002),
(3, 0000000000, 0000000003),
(4, 0000000002, 0000000004),
(5, 0000000006, 0000000007),
(7, 0000000016, 0000000007),
(8, 0000000000, 0000000008),
(9, 0000000000, 0000000009),
(10, 0000000000, 0000000011),
(11, 0000000000, 0000000012),
(12, 0000000000, 0000000013),
(13, 0000000000, 0000000014),
(14, 0000000000, 0000000015),
(15, 0000000006, 0000000016),
(16, 0000000016, 0000000006),
(17, 0000000006, 0000000017),
(18, 0000000006, 0000000019),
(19, 0000000019, 0000000020),
(20, 0000000020, 0000000021),
(21, 0000000021, 0000000022),
(22, 0000000019, 0000000023),
(23, 0000000020, 0000000024),
(24, 0000000019, 0000000025),
(25, 0000000020, 0000000026),
(26, 0000000019, 0000000027),
(27, 0000000021, 0000000028),
(28, 0000000019, 0000000029),
(29, 0000000020, 0000000030),
(30, 0000000021, 0000000031),
(31, 0000000022, 0000000032),
(32, 0000000023, 0000000033),
(33, 0000000024, 0000000034),
(34, 0000000019, 0000000035);

-- --------------------------------------------------------

--
-- Table structure for table `rewards_group_sales_incentives`
--

CREATE TABLE IF NOT EXISTS `rewards_group_sales_incentives` (
  `id` int(11) NOT NULL AUTO_INCREMENT,
  `year` date NOT NULL,
  `mr` int(11) NOT NULL,
  `group_id` int(11) NOT NULL,
  PRIMARY KEY (`id`)
) ENGINE=InnoDB DEFAULT CHARSET=latin1 AUTO_INCREMENT=1 ;

-- --------------------------------------------------------

--
-- Table structure for table `rewards_income_history`
--

CREATE TABLE IF NOT EXISTS `rewards_income_history` (
  `id` int(11) NOT NULL AUTO_INCREMENT,
  `date` int(11) NOT NULL,
  `income` int(11) NOT NULL,
  `member_id` int(11) NOT NULL,
  PRIMARY KEY (`id`)
) ENGINE=InnoDB DEFAULT CHARSET=latin1 AUTO_INCREMENT=1 ;

-- --------------------------------------------------------

--
-- Table structure for table `rewards_login_attempt_history`
--

CREATE TABLE IF NOT EXISTS `rewards_login_attempt_history` (
  `id` int(11) NOT NULL,
  `attempt_date` int(11) NOT NULL,
  `user` int(11) NOT NULL,
  `useragent` int(11) NOT NULL,
  `ipaddr` int(11) NOT NULL,
  `location` int(11) NOT NULL
) ENGINE=InnoDB DEFAULT CHARSET=latin1;

-- --------------------------------------------------------

--
-- Table structure for table `rewards_login_history`
--

CREATE TABLE IF NOT EXISTS `rewards_login_history` (
  `id` int(11) NOT NULL AUTO_INCREMENT,
  `login_date` datetime NOT NULL,
  `user_id` int(11) NOT NULL,
  `duration` float NOT NULL,
  `location` text NOT NULL,
  `ipaddr` varchar(32) NOT NULL,
  `useragent` text NOT NULL,
  `session_id` varchar(64) NOT NULL,
  PRIMARY KEY (`id`)
) ENGINE=InnoDB  DEFAULT CHARSET=latin1 AUTO_INCREMENT=265 ;

--
-- Dumping data for table `rewards_login_history`
--

INSERT INTO `rewards_login_history` (`id`, `login_date`, `user_id`, `duration`, `location`, `ipaddr`, `useragent`, `session_id`) VALUES
(1, '2013-11-22 03:08:13', 2, 0, '', '', '', ''),
(2, '2013-11-22 07:43:47', 1, 0, '', '', '', ''),
(3, '2013-11-22 07:56:01', 1, 0, '', '', '', ''),
(4, '2013-11-22 08:04:04', 1, 0, '', '', '', ''),
(5, '2013-11-22 08:05:42', 5, 0, '', '', '', ''),
(6, '2013-11-22 08:07:07', 4, 0, '', '', '', ''),
(7, '2013-11-22 08:13:52', 3, 0, '', '', '', ''),
(8, '2013-11-22 08:28:47', 4, 0, '', '', '', ''),
(9, '2013-11-22 08:30:27', 1, 0, '', '', '', ''),
(10, '2013-11-22 08:58:38', 1, 0, '', '', '', ''),
(11, '2013-11-22 08:58:39', 1, 0, '', '', '', ''),
(12, '2013-11-22 11:10:37', 1, 0, '', '', '', ''),
(13, '2013-11-25 06:00:57', 1, 0, '', '', '', ''),
(14, '2013-11-27 03:11:45', 1, 0, '', '', '', ''),
(15, '2013-11-28 07:41:41', 1, 0, '', '', '', ''),
(16, '2013-12-02 06:32:29', 3, 0, '', '', '', ''),
(17, '2013-12-02 07:09:12', 1, 0, '', '', '', ''),
(18, '2013-12-02 08:32:53', 1, 0, '', '', '', ''),
(19, '2013-12-02 11:19:09', 1, 0, '', '', '', ''),
(20, '2013-12-03 01:25:56', 1, 0, '', '', '', ''),
(21, '2013-12-03 06:34:55', 1, 0, '', '', '', ''),
(22, '2013-12-03 06:38:33', 1, 0, '', '', '', ''),
(23, '2013-12-04 08:56:41', 3, 0, '', '', '', ''),
(24, '2013-12-04 08:59:14', 3, 0, '', '', '', ''),
(25, '2013-12-06 07:16:06', 1, 0, '', '', '', ''),
(26, '2013-12-06 09:48:05', 3, 0, '', '', '', ''),
(27, '2013-12-06 10:39:57', 3, 0, '', '', '', ''),
(28, '2013-12-06 13:02:54', 1, 0, '', '', '', ''),
(29, '2013-12-06 13:03:43', 4, 0, '', '', '', ''),
(30, '2013-12-09 12:17:11', 1, 0, '', '', '', ''),
(31, '2013-12-11 01:43:57', 1, 0, '', '', '', ''),
(32, '2013-12-11 04:20:38', 1, 0, '', '', '', ''),
(33, '2013-12-11 06:26:05', 1, 0, '', '', '', ''),
(34, '2013-12-12 01:23:06', 1, 0, '', '', '', ''),
(35, '2013-12-12 10:30:29', 1, 0, '', '', '', ''),
(36, '2013-12-12 10:38:38', 1, 0, '', '', '', ''),
(37, '2013-12-12 10:40:00', 7, 0, '', '', '', ''),
(38, '2013-12-12 10:59:55', 6, 0, '', '', '', ''),
(39, '2013-12-12 11:00:37', 6, 0, '', '', '', ''),
(40, '2013-12-12 11:02:42', 6, 0, '', '', '', ''),
(41, '2013-12-12 11:15:49', 1, 0, '', '', '', ''),
(42, '2013-12-13 02:06:18', 1, 0, '', '', '', ''),
(43, '2013-12-14 17:47:28', 43, 0, '', '', '', ''),
(44, '2013-12-14 17:57:25', 43, 0, '', '', '', ''),
(45, '2013-12-16 01:52:09', 43, 0, '', '', '', ''),
(46, '2013-12-16 02:20:26', 43, 0, '', '', '', ''),
(47, '2013-12-16 02:54:15', 43, 0, '', '', '', ''),
(48, '2013-12-16 03:48:08', 43, 0, '', '', '', ''),
(49, '2013-12-16 06:59:27', 6, 0, '', '', '', ''),
(50, '2013-12-16 07:04:56', 6, 0, '', '', '', ''),
(51, '2013-12-16 07:05:12', 6, 0, '', '', '', ''),
(52, '2013-12-16 07:05:16', 6, 0, '', '', '', ''),
(53, '2013-12-16 07:05:52', 6, 0, '', '', '', ''),
(54, '2013-12-16 07:06:37', 6, 0, '', '', '', ''),
(55, '2013-12-16 07:06:58', 6, 0, '', '', '', ''),
(56, '2013-12-16 07:08:14', 6, 0, '', '', '', ''),
(57, '2013-12-16 07:11:27', 6, 0, '', '', '', ''),
(58, '2013-12-16 07:12:56', 6, 0, '', '', '', ''),
(59, '2013-12-16 07:13:40', 6, 0, '', '', '', ''),
(60, '2013-12-16 07:14:49', 6, 0, '', '', '', ''),
(61, '2013-12-16 07:15:37', 6, 0, '', '', '', ''),
(62, '2013-12-16 07:18:18', 6, 0, '', '', '', ''),
(63, '2013-12-16 07:19:15', 6, 0, '', '', '', ''),
(64, '2013-12-16 07:19:30', 6, 0, '', '', '', ''),
(65, '2013-12-16 07:20:54', 6, 0, '', '', '', ''),
(66, '2013-12-16 07:20:54', 2, 0, '', '', '', ''),
(67, '2013-12-16 07:30:02', 44, 0, '', '', '', ''),
(68, '2013-12-16 07:30:02', 6, 0, '', '', '', ''),
(69, '2013-12-16 07:30:28', 44, 0, '', '', '', ''),
(70, '2013-12-16 07:30:28', 6, 0, '', '', '', ''),
(71, '2013-12-16 07:31:21', 44, 0, '', '', '', ''),
(72, '2013-12-16 07:32:30', 44, 0, '', '', '', ''),
(73, '2013-12-16 07:32:30', 6, 0, '', '', '', ''),
(74, '2013-12-16 07:34:16', 44, 0, '', '', '', ''),
(75, '2013-12-16 07:34:16', 6, 0, '', '', '', ''),
(76, '2013-12-16 07:46:40', 16, 0, '', '', '', ''),
(77, '2013-12-16 07:47:39', 16, 0, '', '', '', ''),
(78, '2013-12-16 07:47:45', 16, 0, '', '', '', ''),
(79, '2013-12-16 07:48:16', 16, 0, '', '', '', ''),
(80, '2013-12-16 07:48:51', 16, 0, '', '', '', ''),
(81, '2013-12-16 07:50:37', 45, 0, '', '', '', ''),
(82, '2013-12-16 07:50:37', 16, 0, '', '', '', ''),
(83, '2013-12-16 07:50:57', 44, 0, '', '', '', ''),
(84, '2013-12-16 07:50:57', 6, 0, '', '', '', ''),
(85, '2013-12-16 07:52:35', 44, 0, '', '', '', ''),
(86, '2013-12-16 07:52:35', 6, 0, '', '', '', ''),
(87, '2013-12-16 07:59:49', 45, 0, '', '', '', ''),
(88, '2013-12-16 07:59:49', 16, 0, '', '', '', ''),
(89, '2013-12-16 08:00:44', 44, 0, '', '', '', ''),
(90, '2013-12-16 08:00:44', 6, 0, '', '', '', ''),
(91, '2013-12-16 08:01:43', 45, 0, '', '', '', ''),
(92, '2013-12-16 08:01:43', 16, 0, '', '', '', ''),
(93, '2013-12-16 08:02:06', 44, 0, '', '', '', ''),
(94, '2013-12-16 08:02:06', 6, 0, '', '', '', ''),
(95, '2013-12-16 08:11:50', 45, 0, '', '', '', ''),
(96, '2013-12-16 08:11:50', 16, 0, '', '', '', ''),
(97, '2013-12-16 08:22:16', 45, 0, '', '', '', ''),
(98, '2013-12-16 08:22:16', 16, 0, '', '', '', ''),
(99, '2013-12-16 08:23:52', 44, 0, '', '', '', ''),
(100, '2013-12-16 08:23:52', 6, 0, '', '', '', ''),
(101, '2013-12-16 09:07:51', 44, 0, '', '', '', ''),
(102, '2013-12-16 09:07:51', 6, 0, '', '', '', ''),
(103, '2013-12-16 09:18:50', 44, 0, '', '', '', ''),
(104, '2013-12-16 09:18:50', 6, 0, '', '', '', ''),
(105, '2013-12-17 01:34:45', 44, 0, '', '', '', ''),
(106, '2013-12-17 01:34:45', 6, 0, '', '', '', ''),
(107, '2013-12-17 01:52:57', 44, 0, '', '', '', ''),
(108, '2013-12-17 01:52:57', 6, 0, '', '', '', ''),
(109, '2013-12-17 02:13:26', 45, 0, '', '', '', ''),
(110, '2013-12-17 02:13:26', 16, 0, '', '', '', ''),
(111, '2013-12-17 02:15:01', 39, 0, '', '', '', ''),
(112, '2013-12-17 02:16:16', 45, 0, '', '', '', ''),
(113, '2013-12-17 02:16:16', 16, 0, '', '', '', ''),
(114, '2013-12-17 03:30:12', 44, 0, '', '', '', ''),
(115, '2013-12-17 03:30:12', 6, 0, '', '', '', ''),
(116, '2013-12-19 16:57:24', 47, 0, '', '', '', ''),
(117, '2013-12-19 16:58:40', 47, 0, '', '', '', ''),
(118, '2013-12-19 16:59:01', 44, 0, '', '', '', ''),
(119, '2013-12-19 16:59:04', 6, 0, '', '', '', ''),
(120, '2013-12-19 17:02:04', 47, 0, '', '', '', ''),
(121, '2013-12-19 17:02:07', 19, 0, '', '', '', ''),
(122, '2013-12-19 17:02:23', 44, 0, '', '', '', ''),
(123, '2013-12-19 17:02:26', 6, 0, '', '', '', ''),
(124, '2013-12-19 17:05:57', 44, 0, '', '', '', ''),
(125, '2013-12-19 17:06:27', 44, 0, '', '', '', ''),
(126, '2013-12-19 17:06:30', 6, 0, '', '', '', ''),
(127, '2013-12-19 17:17:13', 47, 0, '', '', '', ''),
(128, '2013-12-19 17:17:16', 19, 0, '', '', '', ''),
(129, '2014-01-02 11:17:04', 47, 0, '', '', '', ''),
(130, '2014-01-02 11:17:08', 19, 0, '', '', '', ''),
(131, '2014-01-02 11:18:28', 47, 0, '', '', '', ''),
(132, '2014-01-02 11:18:31', 19, 0, '', '', '', ''),
(133, '2014-01-02 11:20:21', 47, 0, '', '', '', ''),
(134, '2014-01-02 11:20:24', 19, 0, '', '', '', ''),
(135, '2014-01-02 11:24:45', 47, 0, '', '', '', ''),
(136, '2014-01-02 11:24:48', 19, 0, '', '', '', ''),
(137, '2014-01-02 12:18:51', 43, 0, '', '', '', ''),
(138, '2014-01-02 12:18:54', 17, 0, '', '', '', ''),
(139, '2014-01-02 12:19:36', 47, 0, '', '', '', ''),
(140, '2014-01-02 12:19:39', 19, 0, '', '', '', ''),
(141, '2014-01-02 12:31:01', 48, 0, '', '', '', ''),
(142, '2014-01-02 12:31:28', 48, 0, '', '', '', ''),
(143, '2014-01-02 12:31:53', 48, 0, '', '', '', ''),
(144, '2014-01-02 12:32:01', 48, 0, '', '', '', ''),
(145, '2014-01-02 12:32:58', 48, 0, '', '', '', ''),
(146, '2014-01-02 12:33:31', 48, 0, '', '', '', ''),
(147, '2014-01-02 12:34:37', 48, 0, '', '', '', ''),
(148, '2014-01-02 12:35:20', 48, 0, '', '', '', ''),
(149, '2014-01-02 12:38:02', 48, 0, '', '', '', ''),
(150, '2014-01-02 12:38:43', 48, 0, '', '', '', ''),
(151, '2014-01-02 12:39:52', 48, 0, '', '', '', ''),
(152, '2014-01-02 12:44:44', 48, 0, '', '', '', ''),
(153, '2014-01-02 12:47:06', 48, 0, '', '', '', ''),
(154, '2014-01-02 12:47:35', 43, 0, '', '', '', ''),
(155, '2014-01-02 12:47:38', 17, 0, '', '', '', ''),
(156, '2014-01-02 12:48:25', 47, 0, '', '', '', ''),
(157, '2014-01-02 12:48:28', 19, 0, '', '', '', ''),
(158, '2014-01-02 12:57:07', 48, 0, '', '', '', ''),
(159, '2014-01-02 12:59:03', 47, 0, '', '', '', ''),
(160, '2014-01-02 12:59:06', 19, 0, '', '', '', ''),
(161, '2014-01-02 13:29:45', 47, 0, '', '', '', ''),
(162, '2014-01-02 13:29:48', 19, 0, '', '', '', ''),
(163, '2014-01-02 13:32:41', 47, 0, '', '', '', ''),
(164, '2014-01-02 13:32:45', 19, 0, '', '', '', ''),
(165, '2014-01-02 13:42:02', 48, 0, '', '', '', ''),
(166, '2014-01-02 13:44:13', 49, 0, '', '', '', ''),
(167, '2014-01-02 13:45:35', 47, 0, '', '', '', ''),
(168, '2014-01-02 13:45:39', 19, 0, '', '', '', ''),
(169, '2014-01-02 14:34:00', 47, 0, '', '', '', ''),
(170, '2014-01-02 14:34:03', 19, 0, '', '', '', ''),
(171, '2014-01-02 15:12:10', 47, 0, '', '', '', ''),
(172, '2014-01-02 15:12:13', 19, 0, '', '', '', ''),
(173, '2014-01-02 17:25:24', 47, 0, '', '', '', ''),
(174, '2014-01-02 17:25:28', 19, 0, '', '', '', ''),
(175, '2014-01-02 18:13:45', 47, 0, '', '', '', ''),
(176, '2014-01-02 18:13:49', 19, 0, '', '', '', ''),
(177, '2014-01-03 13:22:52', 43, 0, '', '', '', ''),
(178, '2014-01-03 13:22:55', 17, 0, '', '', '', ''),
(179, '2014-01-03 13:23:33', 47, 0, '', '', '', ''),
(180, '2014-01-03 13:23:36', 19, 0, '', '', '', ''),
(181, '2014-01-03 14:14:48', 47, 0, '', '', '', ''),
(182, '2014-01-03 14:14:57', 47, 0, '', '', '', ''),
(183, '2014-01-03 14:15:00', 19, 0, '', '', '', ''),
(184, '2014-01-03 14:52:35', 47, 0, '', '', '', ''),
(185, '2014-01-03 14:52:38', 19, 0, '', '', '', ''),
(186, '2014-01-03 14:55:20', 47, 0, '', '', '', ''),
(187, '2014-01-03 14:55:23', 19, 0, '', '', '', ''),
(188, '2014-01-03 15:04:18', 47, 0, '', '', '', ''),
(189, '2014-01-03 15:04:21', 19, 0, '', '', '', ''),
(190, '2014-01-03 15:23:21', 50, 0, '', '', '', ''),
(191, '2014-01-03 15:23:58', 50, 0, '', '', '', ''),
(192, '2014-01-03 15:26:04', 50, 0, '', '', '', ''),
(193, '2014-01-03 15:27:13', 50, 0, '', '', '', ''),
(194, '2014-01-03 15:27:32', 47, 0, '', '', '', ''),
(195, '2014-01-03 15:27:35', 19, 0, '', '', '', ''),
(196, '2014-01-03 15:28:15', 50, 0, '', '', '', ''),
(197, '2014-01-03 15:29:15', 57, 0, '', '', '', ''),
(198, '2014-01-03 15:30:18', 57, 0, '', '', '', ''),
(199, '2014-01-03 15:31:06', 57, 0, '', '', '', ''),
(200, '2014-01-03 15:31:39', 48, 0, '', '', '', ''),
(201, '2014-01-03 15:32:20', 49, 0, '', '', '', ''),
(202, '2014-01-03 15:36:28', 47, 0, '', '', '', ''),
(203, '2014-01-03 15:36:31', 19, 0, '', '', '', ''),
(204, '2014-01-03 16:18:59', 47, 0, '', '', '', ''),
(205, '2014-01-03 16:19:02', 19, 0, '', '', '', ''),
(206, '2014-01-03 16:23:49', 47, 0, '', '', '', ''),
(207, '2014-01-03 16:23:52', 19, 0, '', '', '', ''),
(208, '2014-01-03 16:34:34', 47, 0, '', '', '', ''),
(209, '2014-01-03 16:34:37', 19, 0, '', '', '', ''),
(210, '2014-01-03 16:45:54', 47, 0, '', '', '', ''),
(211, '2014-01-03 16:45:57', 19, 0, '', '', '', ''),
(212, '2014-01-03 16:57:36', 47, 0, '', '', '', ''),
(213, '2014-01-03 16:57:39', 19, 0, '', '', '', ''),
(214, '2014-01-03 17:03:07', 47, 0, '', '', '', ''),
(215, '2014-01-03 17:03:10', 19, 0, '', '', '', ''),
(216, '2014-01-03 17:07:49', 50, 0, '', '', '', ''),
(217, '2014-01-03 17:19:41', 47, 0, '', '', '', ''),
(218, '2014-01-03 17:19:44', 19, 0, '', '', '', ''),
(219, '2014-01-03 17:30:40', 47, 0, '', '', '', ''),
(220, '2014-01-03 17:30:43', 19, 0, '', '', '', ''),
(221, '2014-01-06 11:13:09', 47, 0, '', '', '', ''),
(222, '2014-01-06 11:16:42', 47, 0, '', '', '', ''),
(223, '2014-01-06 11:20:05', 47, 0, '', '', '', ''),
(224, '2014-01-06 11:21:00', 47, 0, '', '', '', ''),
(225, '2014-01-06 11:22:32', 47, 0, '', '', '', ''),
(226, '2014-01-06 11:23:27', 47, 0, '', '', '', ''),
(227, '2014-01-06 11:26:47', 47, 0, '', '', '', ''),
(228, '2014-01-06 11:30:16', 47, 0, '', '', '', ''),
(229, '2014-01-06 11:30:35', 47, 0, '', '', '', ''),
(230, '2014-01-06 11:31:50', 47, 0, '', '', '', ''),
(231, '2014-01-06 11:35:07', 47, 0, '', '', '', ''),
(232, '2014-01-06 11:39:07', 47, 0, '', '', '', ''),
(233, '2014-01-06 11:47:04', 47, 0, '', '', '', ''),
(234, '2014-01-06 11:47:08', 47, 0, '', '', '', ''),
(235, '2014-01-06 11:48:05', 47, 0, '', '', '', ''),
(236, '2014-01-06 11:53:34', 47, 0, '', '', '', ''),
(237, '2014-01-06 11:56:46', 48, 0, '', '', '', ''),
(238, '2014-01-06 11:58:58', 47, 0, '', '', '', ''),
(239, '2014-01-06 12:03:11', 47, 0, '', '', '', ''),
(240, '2014-01-06 13:19:02', 47, 0, '', '', '', ''),
(241, '2014-01-06 13:23:47', 47, 0, '', '', '', ''),
(242, '2014-01-06 13:24:24', 47, 0, '', '', '', ''),
(243, '2014-01-06 13:24:48', 47, 0, '', '', '', ''),
(244, '2014-01-06 13:25:39', 47, 0, '', '', '', ''),
(245, '2014-01-06 13:25:58', 47, 0, '', '', '', ''),
(246, '2014-01-06 13:28:36', 47, 0, '', '', '', ''),
(247, '2014-01-06 13:29:19', 47, 0, '', '', '', ''),
(248, '2014-01-06 13:31:57', 47, 0, '', '', '', ''),
(249, '2014-01-06 13:35:26', 47, 0, '', '', '', ''),
(250, '2014-01-06 13:40:17', 47, 0, '', '', '', ''),
(251, '2014-01-06 13:44:29', 47, 0, '', '', '', ''),
(252, '2014-01-06 13:46:04', 47, 0, '', '', '', ''),
(253, '2014-01-06 13:46:44', 47, 0, '', '', '', ''),
(254, '2014-01-06 13:47:09', 47, 0, '', '', '', ''),
(255, '2014-01-06 13:48:36', 47, 0, '', '', '', ''),
(256, '2014-01-06 13:48:53', 47, 0, '', '', '', ''),
(257, '2014-01-06 13:49:05', 47, 0, '', '', '', ''),
(258, '2014-01-06 13:50:27', 47, 0, '', '', '', ''),
(259, '2014-01-06 13:51:16', 47, 0, '', '', '', ''),
(260, '2014-01-06 13:51:39', 47, 0, '', '', '', ''),
(261, '2014-01-06 13:51:56', 47, 0, '', '', '', ''),
(262, '2014-01-06 14:11:28', 1, 0, '', '', '', ''),
(263, '2014-01-06 14:11:41', 1, 0, '', '', '', ''),
(264, '2014-01-06 14:36:56', 47, 0, '', '', '', '');

-- --------------------------------------------------------

--
-- Table structure for table `rewards_members`
--

CREATE TABLE IF NOT EXISTS `rewards_members` (
  `id` int(10) unsigned zerofill NOT NULL AUTO_INCREMENT,
  `email` varchar(64) NOT NULL,
  `creation_date` datetime NOT NULL,
  `firstname` varchar(64) NOT NULL,
  `mi` varchar(3) NOT NULL,
  `lastname` varchar(64) NOT NULL,
  `phone_no` varchar(16) NOT NULL,
  `mobile_no` varchar(16) NOT NULL,
  `street` text NOT NULL,
  `city` varchar(64) NOT NULL,
  `state` varchar(32) NOT NULL,
  `country` varchar(32) NOT NULL,
  `gender` int(11) NOT NULL,
  `spouse_name` varchar(80) NOT NULL,
  `spouse_contact_no` int(11) NOT NULL,
  `dateofbirth` date NOT NULL,
  `marital_status` int(11) NOT NULL,
  `purchased_kit` int(11) NOT NULL,
  `suffix` varchar(10) NOT NULL,
  `tin` varchar(16) NOT NULL,
  `passport` varchar(32) NOT NULL,
  `drivers_license` varchar(32) NOT NULL,
  `dependents` int(11) NOT NULL,
  `bank_name` varchar(64) NOT NULL,
  `bank_account_name` varchar(128) NOT NULL,
  `bank_branch` varchar(64) NOT NULL,
  `bank_account_no` varchar(16) NOT NULL,
  `sponsor` int(11) NOT NULL,
  `date_cancelled` datetime NOT NULL,
  `status` int(11) NOT NULL,
  `points` float NOT NULL,
  `income` float(11,2) NOT NULL,
  `referal_code` varchar(10) NOT NULL,
  `shipping_street` text NOT NULL,
  `shipping_city` varchar(32) NOT NULL,
  `shipping_state` varchar(32) NOT NULL,
  `shipping_country` varchar(32) NOT NULL,
  `shipping_zipcode` varchar(10) NOT NULL,
  `office_street` varchar(128) NOT NULL,
  `office_city` varchar(32) NOT NULL,
  `office_state` varchar(32) NOT NULL,
  `office_country` varchar(32) NOT NULL,
  `shop_url` varchar(64) NOT NULL,
  `beneficiary1_name` varchar(80) NOT NULL,
  `beneficiary1_relationship` varchar(16) NOT NULL,
  `beneficiary1_contact` int(11) NOT NULL,
  `beneficiary2_name` int(80) NOT NULL,
  `beneficiary2_relationship` int(16) NOT NULL,
  `beneficiary2_contact` int(11) NOT NULL,
  `beneficiary3_name` int(80) NOT NULL,
  `beneficiary3_relationship` int(16) NOT NULL,
  `beneficiary3_contact` int(11) NOT NULL,
  `facebook_id` varchar(32) NOT NULL,
  `skype_id` varchar(32) NOT NULL,
  `twitter_id` varchar(32) NOT NULL,
  `member_of_other_mlm` int(11) NOT NULL,
  `agree_to_terms` int(11) NOT NULL,
  PRIMARY KEY (`id`)
) ENGINE=InnoDB  DEFAULT CHARSET=latin1 AUTO_INCREMENT=36 ;

--
-- Dumping data for table `rewards_members`
--

INSERT INTO `rewards_members` (`id`, `email`, `creation_date`, `firstname`, `mi`, `lastname`, `phone_no`, `mobile_no`, `street`, `city`, `state`, `country`, `gender`, `spouse_name`, `spouse_contact_no`, `dateofbirth`, `marital_status`, `purchased_kit`, `suffix`, `tin`, `passport`, `drivers_license`, `dependents`, `bank_name`, `bank_account_name`, `bank_branch`, `bank_account_no`, `sponsor`, `date_cancelled`, `status`, `points`, `income`, `referal_code`, `shipping_street`, `shipping_city`, `shipping_state`, `shipping_country`, `shipping_zipcode`, `office_street`, `office_city`, `office_state`, `office_country`, `shop_url`, `beneficiary1_name`, `beneficiary1_relationship`, `beneficiary1_contact`, `beneficiary2_name`, `beneficiary2_relationship`, `beneficiary2_contact`, `beneficiary3_name`, `beneficiary3_relationship`, `beneficiary3_contact`, `facebook_id`, `skype_id`, `twitter_id`, `member_of_other_mlm`, `agree_to_terms`) VALUES
(0000000001, 'dionisiodotcom@yahoo.com', '2013-11-21 06:34:20', 'Daniel', 'T', 'Dionisio', '812-8643', '09175379438', 'Warehouse 8, La Fuerza, 2241 Pasong Tamo', 'Makati City', 'Metro Manila', 'PH', 1, '', 0, '1974-06-14', 2, 0, '', '', '', '', 0, '', '', '', '', 0, '0000-00-00 00:00:00', 2, 73.856, 3692.80, '', '', '', '', 'PH', '', '', '', '', 'PH', '', '', '', 0, 0, 0, 0, 0, 0, 0, '', '', '', 0, 1),
(0000000002, 'jon.dionisio@tomato.ph', '2013-11-21 06:55:13', 'Jon', 'T', 'Dionisio', '812-8643', '09175379438', 'Warehouse 8, La Fuerza, 2241 Pasong Tamo', 'Makati City', 'Metro Manila', 'PH', 1, '', 0, '2003-01-01', 1, 0, '', '', '', '', 0, '', '', '', '', 2, '0000-00-00 00:00:00', 2, 33.46, 823.00, '', '', '', '', 'PH', '', '', '', '', 'PH', '', '', '', 0, 0, 0, 0, 0, 0, 0, '', '', '', 0, 1),
(0000000005, 'Angelito.T@88db.com.ph', '2013-12-12 10:32:52', 'Angelito', 's', 'tan', '12345', '12234555', 'agudo', 'manila', 'manila', 'PH', 1, '', 0, '2003-01-01', 1, 0, '', '', '', '', 0, '', '', '', '', 2, '0000-00-00 00:00:00', 2, 33.46, 823.00, '', '', '', '', 'PH', '', '', '', '', 'PH', '', '', '', 0, 0, 0, 0, 0, 0, 0, '', '', '', 0, 1),
(0000000006, 'lawrence.c@88db.com.ph', '2013-12-12 10:39:16', 'Lawrence', 'M', 'Cruz', '121212', '1234567', 'Test', 'Test', 'Test', 'PH', 1, '', 0, '2003-01-01', 1, 0, '', '', '', '', 0, '', '', '', '', 6, '0000-00-00 00:00:00', 2, 33.46, 823.00, '', '', '', '', 'PH', '', '', '', '', 'PH', '', '', '', 0, 0, 0, 0, 0, 0, 0, '', '', '', 0, 1),
(0000000007, 'nigaima@gmail.com', '2013-11-21 07:48:20', 'Cris', 'G', 'del Rosario', ' ', ' ', 'Sta Mesa', 'Manila', 'Manila', 'PH', 1, '', 0, '2003-01-01', 1, 0, '', '', '', '', 0, '', '', '', '', 6, '0000-00-00 00:00:00', 2, 33.46, 823.00, '', '', '', '', 'PH', '', '', '', '', 'PH', '', '', '', 0, 0, 0, 0, 0, 0, 0, '', '', '', 0, 1),
(0000000016, 'Jeff.M@88db.com.ph', '2013-12-16 07:43:04', 'Jeffrey', '', 'Malonda', '123', '3213', 'asdf', 'wrwer', 'asdfsdf', 'PH', 1, '', 0, '0000-00-00', 1, 0, '', '', '', '', 0, '', '', '', '', 6, '0000-00-00 00:00:00', 2, 33.46, 823.00, '', '', '', '', 'PH', '', '', '', '', 'PH', '', '', '', 0, 0, 0, 0, 0, 0, 0, '', '', '', 0, 1),
(0000000017, 'angelito.tan23@yahoo.com', '0000-00-00 00:00:00', 'choi', 's', 'tan', 'asdf', '', '', '', '', '', 1, '', 0, '0000-00-00', 1, 0, '', '', '', '', 0, '', '', '', '', 6, '0000-00-00 00:00:00', 2, 33.46, 823.00, '', '', '', '', '', '', '', '', '', '', '', '', '', 0, 0, 0, 0, 0, 0, 0, '', '', '', 0, 1),
(0000000018, 'test@yahoo.com', '0000-00-00 00:00:00', 'jayjay', 'j', 'viray', '', '', '', '', '', '', 2, '', 0, '0000-00-00', 2, 0, '', '', '', '', 0, '', '', '', '', 2, '0000-00-00 00:00:00', 2, 33.46, 823.00, '', '', '', '', '', '', '', '', '', '', '', '', '', 0, 0, 0, 0, 0, 0, 0, '', '', '', 0, 1),
(0000000019, 'angelito.tan23@gmail.com', '0000-00-00 00:00:00', 'test choi', 's', 'tan', 'c', '', '', '', '', '', 1, '', 0, '0000-00-00', 2, 0, '', '', '', '', 0, '', '', '', '', 6, '0000-00-00 00:00:00', 2, 37.46, 1569.00, '', '', '', '', '', '', '', '', '', '', '', '', '', 0, 0, 0, 0, 0, 0, 0, '', '', '', 0, 1),
(0000000020, 'gayegay@yahoo.com', '2014-01-02 11:19:56', 'Avegail', 'B', 'Dela Rosa', '83219839', '019120931', '110A', 'QC', 'MM', 'PH', 1, '', 0, '2004-01-01', 1, 0, '', '', '', '', 0, '', '', '', '', 19, '0000-00-00 00:00:00', 0, 13.42, 671.00, '', '', '', '', 'PH', '', '', '', '', 'PH', '', '', '', 0, 0, 0, 0, 0, 0, 0, '', '', '', 0, 1),
(0000000021, 'jaydlr@yahoo.com', '2014-01-02 12:18:07', 'Jason', 'C', 'Dela Rosa', '324234', '2342342', '110', 'QC', 'MM', 'PH', 1, '', 0, '2004-01-01', 1, 0, '', '', '', '', 0, '', '', '', '', 19, '0000-00-00 00:00:00', 0, 13.42, 671.00, '', '', '', '', 'PH', '', '', '', '', 'PH', '', '', '', 0, 0, 0, 0, 0, 0, 0, '', '', '', 0, 1),
(0000000022, 'ana@yahoo.com', '2014-01-02 14:32:10', 'Ana', 'c', 'Anastacio', '3242423', '2342423', 'aaa', 'aaa', 'aaa', 'PH', 1, '', 0, '2004-01-01', 1, 0, '', '', '', '', 0, '', '', '', '', 21, '0000-00-00 00:00:00', 0, 12.22, 611.00, '', '', '', '', 'PH', '', '', '', '', 'PH', '', '', '', 0, 0, 0, 0, 0, 0, 0, '', '', '', 0, 1),
(0000000023, 'jayjay.v@yahoo.com', '2014-01-03 14:13:52', 'Jayjay ', 'C', 'Viray', '923840923', '0983402980942', '11', 'Pasig', 'MM', 'PH', 1, '', 0, '2004-01-01', 1, 0, '', '', '', '', 0, '', '', '', '', 19, '0000-00-00 00:00:00', 0, 9.72, 486.00, '', '', '', '', 'PH', '', '', '', '', 'PH', '', '', '', 0, 0, 0, 0, 0, 0, 0, '', '', '', 0, 1),
(0000000024, 'jcsoco@jads.com', '2014-01-03 14:14:31', 'Jane', 'S', 'Soco', '342342', '23423423', '232', 'QC', 'mm', 'PH', 1, '', 0, '2004-01-01', 1, 0, '', '', '', '', 0, '', '', '', '', 20, '0000-00-00 00:00:00', 0, 9.72, 486.00, '', '', '', '', 'PH', '', '', '', '', 'PH', '', '', '', 0, 0, 0, 0, 0, 0, 0, '', '', '', 0, 1),
(0000000025, 'jethro@yahoo.com', '2014-01-03 14:50:07', 'Jethro', 'c', 'Bumathay', '123123', '123123', '213', '123', '123', 'PH', 1, '', 0, '2004-01-01', 1, 0, '', '', '', '', 0, '', '', '', '', 19, '0000-00-00 00:00:00', 0, 6.8, 340.00, '', '', '', '', 'PH', '', '', '', '', 'PH', '', '', '', 0, 0, 0, 0, 0, 0, 0, '', '', '', 0, 1),
(0000000026, 'frchin@yahoo.com', '2014-01-03 14:50:48', 'Frechin', 'C', 'Chu', '3424234', '23423423', '234', '234', '234', 'PH', 1, '', 0, '2004-01-01', 1, 0, '', '', '', '', 0, '', '', '', '', 20, '0000-00-00 00:00:00', 0, 6.8, 340.00, '', '', '', '', 'PH', '', '', '', '', 'PH', '', '', '', 0, 0, 0, 0, 0, 0, 0, '', '', '', 0, 1),
(0000000027, 'tonychu@43.com', '2014-01-03 14:51:29', 'Tony', 'a', ' Chu', '234234', '23423', '234', '234', '234', 'PH', 1, '', 0, '2004-01-01', 1, 0, '', '', '', '', 0, '', '', '', '', 19, '0000-00-00 00:00:00', 0, 6.8, 340.00, '', '', '', '', 'PH', '', '', '', '', 'PH', '', '', '', 0, 0, 0, 0, 0, 0, 0, '', '', '', 0, 1),
(0000000028, 'kc@yahoo.com', '2014-01-03 14:52:11', 'Katrina', 'C', 'Bernales', '234234', '23423', '23423', '234', '234', 'PH', 1, '', 0, '2004-01-01', 1, 0, '', '', '', '', 0, '', '', '', '', 21, '0000-00-00 00:00:00', 0, 6.8, 340.00, '', '', '', '', 'PH', '', '', '', '', 'PH', '', '', '', 0, 0, 0, 0, 0, 0, 0, '', '', '', 0, 1),
(0000000029, 'joy@gmail.com', '2014-01-03 14:53:47', 'Joy', 'D', 'Dela Rosa', '234234', '2342342', '23423', '23423', '2342', 'PH', 1, '', 0, '2004-01-01', 1, 0, '', '', '', '', 0, '', '', '', '', 19, '0000-00-00 00:00:00', 0, 6.8, 340.00, '', '', '', '', 'PH', '', '', '', '', 'PH', '', '', '', 0, 0, 0, 0, 0, 0, 0, '', '', '', 0, 1),
(0000000030, 'marc@yaoo.com', '2014-01-03 14:54:16', 'Marc', 'A', 'Concio', '23423', '23423', '32423', '234', '234', 'PH', 1, '', 0, '2004-01-01', 1, 0, '', '', '', '', 0, '', '', '', '', 20, '0000-00-00 00:00:00', 0, 6.8, 340.00, '', '', '', '', 'PH', '', '', '', '', 'PH', '', '', '', 0, 0, 0, 0, 0, 0, 0, '', '', '', 0, 1),
(0000000031, 'john@yahoo.com', '2014-01-03 14:55:02', 'John', 'C', 'Aguilar', '234234', '234234', '23423', '23423', '234', 'PH', 1, '', 0, '2004-01-01', 1, 0, '', '', '', '', 0, '', '', '', '', 21, '0000-00-00 00:00:00', 0, 6.8, 340.00, '', '', '', '', 'PH', '', '', '', '', 'PH', '', '', '', 0, 0, 0, 0, 0, 0, 0, '', '', '', 0, 1),
(0000000032, 'jon@yahoo.com', '2014-01-03 14:56:48', 'John', 'df', 'Bon Jovi', '234234', '23423', '23423', '234', '234', 'PH', 1, '', 0, '2004-01-01', 1, 0, '', '', '', '', 0, '', '', '', '', 22, '0000-00-00 00:00:00', 0, 6.8, 340.00, '', '', '', '', 'PH', '', '', '', '', 'PH', '', '', '', 0, 0, 0, 0, 0, 0, 0, '', '', '', 0, 1),
(0000000033, 'susan@yahoo.com', '2014-01-03 14:57:28', 'Susan', 'G', 'Vega', '234234', '2342342', '3423', '2342', '342423', 'PH', 1, '', 0, '2004-01-01', 1, 0, '', '', '', '', 0, '', '', '', '', 23, '0000-00-00 00:00:00', 0, 6.8, 340.00, '', '', '', '', 'PH', '', '', '', '', 'PH', '', '', '', 0, 0, 0, 0, 0, 0, 0, '', '', '', 0, 1),
(0000000034, 'kathy@yahoo.com', '2014-01-03 14:58:09', 'Kathy', 'A', 'Ban', '234234', '23423', '23423', '2342', '234', 'PH', 1, '', 0, '2004-01-01', 1, 0, '', '', '', '', 0, '', '', '', '', 24, '0000-00-00 00:00:00', 0, 6.8, 340.00, '', '', '', '', 'PH', '', '', '', '', 'PH', '', '', '', 0, 0, 0, 0, 0, 0, 0, '', '', '', 0, 1),
(0000000035, 'dsaasdf@dfs', '2014-01-03 16:18:28', 'Juan', 'C', 'Dela Cruz', '1231231', '1231231', '111', '11', '111', 'PH', 1, '', 0, '2004-01-01', 1, 0, '', '', '', '', 0, '', '', '', '', 19, '0000-00-00 00:00:00', 0, 0, 0.00, '', '', '', '', 'PH', '', '', '', '', 'PH', '', '', '', 0, 0, 0, 0, 0, 0, 0, '', '', '', 0, 1);

-- --------------------------------------------------------

--
-- Table structure for table `rewards_member_commissions`
--

CREATE TABLE IF NOT EXISTS `rewards_member_commissions` (
  `id` int(11) NOT NULL AUTO_INCREMENT,
  `start_date` date NOT NULL,
  `end_date` date NOT NULL,
  `created_at` datetime NOT NULL,
  `member_id` int(11) NOT NULL,
  `points` float(11,2) NOT NULL,
  `income` float(11,2) NOT NULL,
  `tomato` float(11,2) NOT NULL,
  `other` float(11,2) NOT NULL,
  `status` int(11) NOT NULL,
  `commission_date` int(11) NOT NULL,
  `commission_id` int(11) NOT NULL,
  PRIMARY KEY (`id`)
) ENGINE=InnoDB  DEFAULT CHARSET=latin1 AUTO_INCREMENT=25 ;

--
-- Dumping data for table `rewards_member_commissions`
--

INSERT INTO `rewards_member_commissions` (`id`, `start_date`, `end_date`, `created_at`, `member_id`, `points`, `income`, `tomato`, `other`, `status`, `commission_date`, `commission_id`) VALUES
(1, '2013-12-20', '2014-01-03', '2014-01-03 16:04:06', 1, 10.20, 510.00, 10200.00, 0.00, 0, 2014, 20),
(2, '2013-12-20', '2014-01-03', '2014-01-03 16:04:10', 2, 3.40, 170.00, 3400.00, 0.00, 0, 2014, 20),
(3, '2013-12-20', '2014-01-03', '2014-01-03 16:04:14', 5, 3.40, 170.00, 3400.00, 0.00, 0, 2014, 20),
(4, '2013-12-20', '2014-01-03', '2014-01-03 16:04:18', 6, 3.40, 170.00, 3400.00, 0.00, 0, 2014, 20),
(5, '2013-12-20', '2014-01-03', '2014-01-03 16:04:23', 7, 3.40, 170.00, 3400.00, 0.00, 0, 2014, 20),
(6, '2013-12-20', '2014-01-03', '2014-01-03 16:04:27', 16, 3.40, 170.00, 3400.00, 0.00, 0, 2014, 20),
(7, '2013-12-20', '2014-01-03', '2014-01-03 16:04:31', 17, 3.40, 170.00, 3400.00, 0.00, 0, 2014, 20),
(8, '2013-12-20', '2014-01-03', '2014-01-03 16:04:35', 18, 3.40, 170.00, 3400.00, 0.00, 0, 2014, 20),
(9, '2013-12-20', '2014-01-03', '2014-01-03 16:04:39', 19, 3.40, 170.00, 3400.00, 0.00, 0, 2014, 20),
(10, '2013-12-20', '2014-01-03', '2014-01-03 16:04:44', 20, 3.40, 170.00, 3400.00, 0.00, 0, 2014, 20),
(11, '2013-12-20', '2014-01-03', '2014-01-03 16:04:48', 21, 3.40, 170.00, 3400.00, 0.00, 0, 2014, 20),
(12, '2013-12-20', '2014-01-03', '2014-01-03 16:04:52', 22, 3.40, 170.00, 3400.00, 0.00, 0, 2014, 20),
(13, '2013-12-20', '2014-01-03', '2014-01-03 16:04:56', 23, 3.40, 170.00, 3400.00, 0.00, 0, 2014, 20),
(14, '2013-12-20', '2014-01-03', '2014-01-03 16:05:00', 24, 3.40, 170.00, 3400.00, 0.00, 0, 2014, 20),
(15, '2013-12-20', '2014-01-03', '2014-01-03 16:05:04', 25, 3.40, 170.00, 3400.00, 0.00, 0, 2014, 20),
(16, '2013-12-20', '2014-01-03', '2014-01-03 16:05:09', 26, 3.40, 170.00, 3400.00, 0.00, 0, 2014, 20),
(17, '2013-12-20', '2014-01-03', '2014-01-03 16:05:13', 27, 3.40, 170.00, 3400.00, 0.00, 0, 2014, 20),
(18, '2013-12-20', '2014-01-03', '2014-01-03 16:05:17', 28, 3.40, 170.00, 3400.00, 0.00, 0, 2014, 20),
(19, '2013-12-20', '2014-01-03', '2014-01-03 16:05:21', 29, 3.40, 170.00, 3400.00, 0.00, 0, 2014, 20),
(20, '2013-12-20', '2014-01-03', '2014-01-03 16:05:25', 30, 3.40, 170.00, 3400.00, 0.00, 0, 2014, 20),
(21, '2013-12-20', '2014-01-03', '2014-01-03 16:05:30', 31, 3.40, 170.00, 3400.00, 0.00, 0, 2014, 20),
(22, '2013-12-20', '2014-01-03', '2014-01-03 16:05:34', 32, 3.40, 170.00, 3400.00, 0.00, 0, 2014, 20),
(23, '2013-12-20', '2014-01-03', '2014-01-03 16:05:38', 33, 3.40, 170.00, 3400.00, 0.00, 0, 2014, 20),
(24, '2013-12-20', '2014-01-03', '2014-01-03 16:05:42', 34, 3.40, 170.00, 3400.00, 0.00, 0, 2014, 20);

-- --------------------------------------------------------

--
-- Table structure for table `rewards_member_income`
--

CREATE TABLE IF NOT EXISTS `rewards_member_income` (
  `id` int(11) NOT NULL AUTO_INCREMENT,
  `member_id` int(10) unsigned zerofill NOT NULL,
  `date` datetime NOT NULL,
  `points` float(10,2) NOT NULL,
  `price` float(10,2) NOT NULL,
  `product_type` int(11) NOT NULL,
  `product_id` int(11) NOT NULL,
  `ref_id` int(10) unsigned zerofill NOT NULL,
  `discount` float(10,2) NOT NULL,
  PRIMARY KEY (`id`)
) ENGINE=InnoDB DEFAULT CHARSET=latin1 AUTO_INCREMENT=1 ;

-- --------------------------------------------------------

--
-- Table structure for table `rewards_member_orders`
--

CREATE TABLE IF NOT EXISTS `rewards_member_orders` (
  `id` int(11) NOT NULL AUTO_INCREMENT,
  `shop_order_id` int(11) NOT NULL,
  `product_id` int(11) NOT NULL,
  `product_name` varchar(255) NOT NULL,
  `order_datetime` datetime NOT NULL,
  `price` float(10,2) NOT NULL,
  `quantity` int(11) NOT NULL,
  `label` varchar(255) NOT NULL,
  `page_id` int(11) NOT NULL,
  `member_id` int(11) NOT NULL,
  `created_at` datetime NOT NULL,
  PRIMARY KEY (`id`)
) ENGINE=InnoDB  DEFAULT CHARSET=latin1 AUTO_INCREMENT=423 ;

--
-- Dumping data for table `rewards_member_orders`
--

INSERT INTO `rewards_member_orders` (`id`, `shop_order_id`, `product_id`, `product_name`, `order_datetime`, `price`, `quantity`, `label`, `page_id`, `member_id`, `created_at`) VALUES
(77, 267, 232, 'Royal Blue Strap', '2013-09-11 13:49:51', 350.00, 1, 'Swap Product', 109, 1, '2013-12-19 17:16:05'),
(78, 268, 81, 'Time Test 4', '2013-09-11 14:43:52', 31.01, 1, 'Tomato Time Product', 34, 1, '2013-12-19 17:16:06'),
(79, 339, 702, 'Stripe Panel Polo Shirt in Light Blue', '2013-11-13 17:19:18', 425.00, 1, 'Tomato Product', 32, 1, '2013-12-19 17:16:07'),
(80, 349, 582, 'Be the Change Hunger', '2013-11-18 01:44:09', 850.00, 1, 'Swap Product', 109, 1, '2013-12-19 17:16:08'),
(81, 363, 301, '"Mylene" Satchel Bag in Brown', '2013-12-15 00:17:09', 800.00, 1, 'Tomato Product', 32, 1, '2013-12-19 17:16:09'),
(82, 364, 797, 'Sphere Membership Kit', '2013-12-16 10:55:11', 1700.00, 1, 'Tomato Product', 32, 1, '2013-12-19 17:16:10'),
(83, 365, 575, 'The Party Boho Wraparound Watch', '2013-12-16 11:03:48', 1000.00, 2, 'Tomato Time Product', 34, 1, '2013-12-19 17:16:11'),
(84, 366, 797, 'Sphere Membership Kit', '2013-12-16 15:36:03', 1700.00, 1, 'Tomato Product', 32, 1, '2013-12-19 17:16:12'),
(85, 367, 304, 'Helix Zip Shoulder bag in Light Green', '2013-12-16 16:25:23', 900.00, 1, 'Tomato Product', 32, 1, '2013-12-19 17:16:14'),
(86, 371, 760, 'E-Gift Certificate for P500', '2013-12-19 14:02:25', 500.00, 1, 'Tomato Product', 32, 1, '2013-12-19 17:16:15'),
(87, 377, 278, 'The Struktur Speedster Watch', '2013-12-19 14:33:16', 1000.00, 2, 'Tomato Time Product', 34, 1, '2013-12-19 17:16:16'),
(88, 378, 334, 'Crystaline Flare Skirt in Purple', '2013-12-06 16:48:45', 420.00, 1, 'Tomato Product', 32, 1, '2013-12-19 17:16:17'),
(89, 363, 301, '"Mylene" Satchel Bag in Brown', '2013-12-15 00:17:09', 800.00, 1, 'Tomato Product', 32, 2, '2013-12-19 17:16:21'),
(90, 364, 797, 'Sphere Membership Kit', '2013-12-16 10:55:11', 1700.00, 1, 'Tomato Product', 32, 2, '2013-12-19 17:16:22'),
(91, 365, 575, 'The Party Boho Wraparound Watch', '2013-12-16 11:03:48', 1000.00, 2, 'Tomato Time Product', 34, 2, '2013-12-19 17:16:23'),
(92, 366, 797, 'Sphere Membership Kit', '2013-12-16 15:36:03', 1700.00, 1, 'Tomato Product', 32, 2, '2013-12-19 17:16:24'),
(93, 367, 304, 'Helix Zip Shoulder bag in Light Green', '2013-12-16 16:25:23', 900.00, 1, 'Tomato Product', 32, 2, '2013-12-19 17:16:25'),
(94, 371, 760, 'E-Gift Certificate for P500', '2013-12-19 14:02:25', 500.00, 1, 'Tomato Product', 32, 2, '2013-12-19 17:16:26'),
(95, 377, 278, 'The Struktur Speedster Watch', '2013-12-19 14:33:16', 1000.00, 2, 'Tomato Time Product', 34, 2, '2013-12-19 17:16:27'),
(96, 378, 334, 'Crystaline Flare Skirt in Purple', '2013-12-06 16:48:45', 420.00, 1, 'Tomato Product', 32, 2, '2013-12-19 17:16:28'),
(97, 363, 301, '"Mylene" Satchel Bag in Brown', '2013-12-15 00:17:09', 800.00, 1, 'Tomato Product', 32, 5, '2013-12-19 17:16:33'),
(98, 364, 797, 'Sphere Membership Kit', '2014-01-02 10:55:11', 1700.00, 1, 'Tomato Product', 32, 48, '2013-12-19 17:16:34'),
(99, 365, 575, 'The Party Boho Wraparound Watch', '2014-01-02 11:03:48', 1000.00, 2, 'Tomato Time Product', 34, 48, '2013-12-19 17:16:35'),
(100, 366, 797, 'Sphere Membership Kit', '2014-01-02 15:36:03', 1700.00, 1, 'Tomato Product', 32, 48, '2013-12-19 17:16:36'),
(101, 367, 304, 'Helix Zip Shoulder bag in Light Green', '2014-01-16 16:25:23', 900.00, 1, 'Tomato Product', 32, 47, '2013-12-19 17:16:37'),
(102, 371, 760, 'E-Gift Certificate for P500', '2014-01-02 14:02:25', 500.00, 1, 'Tomato Product', 32, 47, '2013-12-19 17:16:38'),
(103, 377, 278, 'The Struktur Speedster Watch', '2013-12-19 14:33:16', 1000.00, 2, 'Tomato Time Product', 34, 5, '2013-12-19 17:16:39'),
(104, 378, 334, 'Crystaline Flare Skirt in Purple', '2013-12-06 16:48:45', 420.00, 1, 'Tomato Product', 32, 5, '2013-12-19 17:16:40'),
(105, 363, 301, '"Mylene" Satchel Bag in Brown', '2013-12-15 00:17:09', 800.00, 1, 'Tomato Product', 32, 6, '2013-12-19 17:16:44'),
(106, 364, 797, 'Sphere Membership Kit', '2014-01-02 10:55:11', 1700.00, 1, 'Tomato Product', 32, 47, '2013-12-19 17:16:45'),
(107, 365, 575, 'The Party Boho Wraparound Watch', '2013-12-16 11:03:48', 1000.00, 2, 'Tomato Time Product', 34, 6, '2013-12-19 17:16:46'),
(108, 366, 797, 'Sphere Membership Kit', '2013-12-16 15:36:03', 1700.00, 1, 'Tomato Product', 32, 6, '2013-12-19 17:16:47'),
(109, 367, 304, 'Helix Zip Shoulder bag in Light Green', '2013-12-16 16:25:23', 900.00, 1, 'Tomato Product', 32, 6, '2013-12-19 17:16:48'),
(110, 371, 760, 'E-Gift Certificate for P500', '2013-12-19 14:02:25', 500.00, 1, 'Tomato Product', 32, 6, '2013-12-19 17:16:50'),
(111, 377, 278, 'The Struktur Speedster Watch', '2013-12-19 14:33:16', 1000.00, 2, 'Tomato Time Product', 34, 6, '2013-12-19 17:16:51'),
(112, 378, 334, 'Crystaline Flare Skirt in Purple', '2013-12-06 16:48:45', 420.00, 1, 'Tomato Product', 32, 6, '2013-12-19 17:16:52'),
(113, 363, 301, '"Mylene" Satchel Bag in Brown', '2013-12-15 00:17:09', 800.00, 1, 'Tomato Product', 32, 7, '2013-12-19 17:16:56'),
(114, 364, 797, 'Sphere Membership Kit', '2013-12-16 10:55:11', 1700.00, 1, 'Tomato Product', 32, 7, '2013-12-19 17:16:57'),
(115, 365, 575, 'The Party Boho Wraparound Watch', '2013-12-16 11:03:48', 1000.00, 2, 'Tomato Time Product', 34, 7, '2013-12-19 17:16:58'),
(116, 366, 797, 'Sphere Membership Kit', '2013-12-16 15:36:03', 1700.00, 1, 'Tomato Product', 32, 7, '2013-12-19 17:16:59'),
(117, 367, 304, 'Helix Zip Shoulder bag in Light Green', '2013-12-16 16:25:23', 900.00, 1, 'Tomato Product', 32, 7, '2013-12-19 17:17:00'),
(118, 371, 760, 'E-Gift Certificate for P500', '2013-12-19 14:02:25', 500.00, 1, 'Tomato Product', 32, 7, '2013-12-19 17:17:01'),
(119, 377, 278, 'The Struktur Speedster Watch', '2013-12-19 14:33:16', 1000.00, 2, 'Tomato Time Product', 34, 7, '2013-12-19 17:17:02'),
(120, 378, 334, 'Crystaline Flare Skirt in Purple', '2013-12-06 16:48:45', 420.00, 1, 'Tomato Product', 32, 7, '2013-12-19 17:17:03'),
(121, 363, 301, '"Mylene" Satchel Bag in Brown', '2013-12-15 00:17:09', 800.00, 1, 'Tomato Product', 32, 16, '2013-12-19 17:17:08'),
(122, 364, 797, 'Sphere Membership Kit', '2013-12-16 10:55:11', 1700.00, 1, 'Tomato Product', 32, 16, '2013-12-19 17:17:09'),
(123, 365, 575, 'The Party Boho Wraparound Watch', '2013-12-16 11:03:48', 1000.00, 2, 'Tomato Time Product', 34, 16, '2013-12-19 17:17:10'),
(124, 366, 797, 'Sphere Membership Kit', '2013-12-16 15:36:03', 1700.00, 1, 'Tomato Product', 32, 16, '2013-12-19 17:17:11'),
(125, 367, 304, 'Helix Zip Shoulder bag in Light Green', '2013-12-16 16:25:23', 900.00, 1, 'Tomato Product', 32, 16, '2013-12-19 17:17:12'),
(126, 371, 760, 'E-Gift Certificate for P500', '2013-12-19 14:02:25', 500.00, 1, 'Tomato Product', 32, 16, '2013-12-19 17:17:13'),
(127, 377, 278, 'The Struktur Speedster Watch', '2013-12-19 14:33:16', 1000.00, 2, 'Tomato Time Product', 34, 16, '2013-12-19 17:17:14'),
(128, 378, 334, 'Crystaline Flare Skirt in Purple', '2013-12-06 16:48:45', 420.00, 1, 'Tomato Product', 32, 16, '2013-12-19 17:17:15'),
(129, 363, 301, '"Mylene" Satchel Bag in Brown', '2013-12-15 00:17:09', 800.00, 1, 'Tomato Product', 32, 17, '2013-12-19 17:17:19'),
(130, 364, 797, 'Sphere Membership Kit', '2013-12-16 10:55:11', 1700.00, 1, 'Tomato Product', 32, 17, '2013-12-19 17:17:20'),
(131, 365, 575, 'The Party Boho Wraparound Watch', '2013-12-16 11:03:48', 1000.00, 2, 'Tomato Time Product', 34, 17, '2013-12-19 17:17:21'),
(132, 366, 797, 'Sphere Membership Kit', '2013-12-16 15:36:03', 1700.00, 1, 'Tomato Product', 32, 17, '2013-12-19 17:17:22'),
(133, 367, 304, 'Helix Zip Shoulder bag in Light Green', '2013-12-16 16:25:23', 900.00, 1, 'Tomato Product', 32, 17, '2013-12-19 17:17:23'),
(134, 371, 760, 'E-Gift Certificate for P500', '2013-12-19 14:02:25', 500.00, 1, 'Tomato Product', 32, 17, '2013-12-19 17:17:24'),
(135, 377, 278, 'The Struktur Speedster Watch', '2013-12-19 14:33:16', 1000.00, 2, 'Tomato Time Product', 34, 17, '2013-12-19 17:17:25'),
(136, 378, 334, 'Crystaline Flare Skirt in Purple', '2013-12-06 16:48:45', 420.00, 1, 'Tomato Product', 32, 17, '2013-12-19 17:17:26'),
(137, 363, 301, '"Mylene" Satchel Bag in Brown', '2013-12-15 00:17:09', 800.00, 1, 'Tomato Product', 32, 18, '2013-12-19 17:17:31'),
(138, 364, 797, 'Sphere Membership Kit', '2013-12-16 10:55:11', 1700.00, 1, 'Tomato Product', 32, 18, '2013-12-19 17:17:32'),
(139, 365, 575, 'The Party Boho Wraparound Watch', '2013-12-16 11:03:48', 1000.00, 2, 'Tomato Time Product', 34, 18, '2013-12-19 17:17:33'),
(140, 366, 797, 'Sphere Membership Kit', '2013-12-16 15:36:03', 1700.00, 1, 'Tomato Product', 32, 18, '2013-12-19 17:17:34'),
(141, 367, 304, 'Helix Zip Shoulder bag in Light Green', '2013-12-16 16:25:23', 900.00, 1, 'Tomato Product', 32, 18, '2013-12-19 17:17:35'),
(142, 371, 760, 'E-Gift Certificate for P500', '2013-12-19 14:02:25', 500.00, 1, 'Tomato Product', 32, 18, '2013-12-19 17:17:36'),
(143, 377, 278, 'The Struktur Speedster Watch', '2013-12-19 14:33:16', 1000.00, 2, 'Tomato Time Product', 34, 18, '2013-12-19 17:17:37'),
(144, 378, 334, 'Crystaline Flare Skirt in Purple', '2013-12-06 16:48:45', 420.00, 1, 'Tomato Product', 32, 18, '2013-12-19 17:17:38'),
(145, 363, 301, '"Mylene" Satchel Bag in Brown', '2013-12-15 00:17:09', 800.00, 1, 'Tomato Product', 32, 19, '2013-12-19 17:17:43'),
(146, 364, 797, 'Sphere Membership Kit', '2013-12-16 10:55:11', 1700.00, 1, 'Tomato Product', 32, 19, '2013-12-19 17:17:44'),
(147, 365, 575, 'The Party Boho Wraparound Watch', '2013-12-16 11:03:48', 1000.00, 2, 'Tomato Time Product', 34, 19, '2013-12-19 17:17:45'),
(148, 366, 797, 'Sphere Membership Kit', '2013-12-16 15:36:03', 1700.00, 1, 'Tomato Product', 32, 19, '2013-12-19 17:17:46'),
(149, 367, 304, 'Helix Zip Shoulder bag in Light Green', '2013-12-16 16:25:23', 900.00, 1, 'Tomato Product', 32, 19, '2013-12-19 17:17:47'),
(150, 371, 760, 'E-Gift Certificate for P500', '2013-12-19 14:02:25', 500.00, 1, 'Tomato Product', 32, 19, '2013-12-19 17:17:48'),
(151, 377, 278, 'The Struktur Speedster Watch', '2013-12-19 14:33:16', 1000.00, 2, 'Tomato Time Product', 34, 19, '2013-12-19 17:17:49'),
(152, 378, 334, 'Crystaline Flare Skirt in Purple', '2013-12-06 16:48:45', 420.00, 1, 'Tomato Product', 32, 19, '2013-12-19 17:17:50'),
(153, 267, 232, 'Royal Blue Strap', '2013-09-11 13:49:51', 350.00, 1, 'Swap Product', 109, 1, '2014-01-02 13:35:55'),
(154, 267, 232, 'Royal Blue Strap', '2013-09-11 13:49:51', 350.00, 1, 'Swap Product', 109, 1, '2014-01-02 13:35:55'),
(155, 268, 81, 'Time Test 4', '2013-09-11 14:43:52', 31.01, 1, 'Tomato Time Product', 34, 1, '2014-01-02 13:35:56'),
(156, 268, 81, 'Time Test 4', '2013-09-11 14:43:52', 31.01, 1, 'Tomato Time Product', 34, 1, '2014-01-02 13:35:56'),
(157, 339, 702, 'Stripe Panel Polo Shirt in Light Blue', '2013-11-13 17:19:18', 425.00, 1, 'Tomato Product', 32, 1, '2014-01-02 13:35:57'),
(158, 339, 702, 'Stripe Panel Polo Shirt in Light Blue', '2013-11-13 17:19:18', 425.00, 1, 'Tomato Product', 32, 1, '2014-01-02 13:35:57'),
(159, 349, 582, 'Be the Change Hunger', '2013-11-18 01:44:09', 850.00, 1, 'Swap Product', 109, 1, '2014-01-02 13:35:58'),
(160, 349, 582, 'Be the Change Hunger', '2013-11-18 01:44:09', 850.00, 1, 'Swap Product', 109, 1, '2014-01-02 13:35:58'),
(161, 267, 232, 'Royal Blue Strap', '2013-09-11 13:49:51', 350.00, 1, 'Swap Product', 109, 1, '2014-01-02 13:40:02'),
(162, 268, 81, 'Time Test 4', '2013-09-11 14:43:52', 31.01, 1, 'Tomato Time Product', 34, 1, '2014-01-02 13:40:03'),
(163, 339, 702, 'Stripe Panel Polo Shirt in Light Blue', '2013-11-13 17:19:18', 425.00, 1, 'Tomato Product', 32, 1, '2014-01-02 13:40:04'),
(164, 349, 582, 'Be the Change Hunger', '2013-11-18 01:44:09', 850.00, 1, 'Swap Product', 109, 1, '2014-01-02 13:40:05'),
(165, 267, 232, 'Royal Blue Strap', '2013-09-11 13:49:51', 350.00, 1, 'Swap Product', 109, 1, '2014-01-02 13:47:33'),
(166, 268, 81, 'Time Test 4', '2013-09-11 14:43:52', 31.01, 1, 'Tomato Time Product', 34, 1, '2014-01-02 13:47:34'),
(167, 339, 702, 'Stripe Panel Polo Shirt in Light Blue', '2013-11-13 17:19:18', 425.00, 1, 'Tomato Product', 32, 1, '2014-01-02 13:47:35'),
(168, 349, 582, 'Be the Change Hunger', '2013-11-18 01:44:09', 850.00, 1, 'Swap Product', 109, 1, '2014-01-02 13:47:36'),
(169, 267, 232, 'Royal Blue Strap', '2013-09-11 13:49:51', 350.00, 1, 'Swap Product', 109, 1, '2014-01-02 13:50:01'),
(170, 268, 81, 'Time Test 4', '2013-09-11 14:43:52', 31.01, 1, 'Tomato Time Product', 34, 1, '2014-01-02 13:50:02'),
(171, 339, 702, 'Stripe Panel Polo Shirt in Light Blue', '2013-11-13 17:19:18', 425.00, 1, 'Tomato Product', 32, 1, '2014-01-02 13:50:03'),
(172, 349, 582, 'Be the Change Hunger', '2013-11-18 01:44:09', 850.00, 1, 'Swap Product', 109, 1, '2014-01-02 13:50:04'),
(173, 267, 232, 'Royal Blue Strap', '2013-09-11 13:49:51', 350.00, 1, 'Swap Product', 109, 1, '2014-01-02 13:51:51'),
(174, 268, 81, 'Time Test 4', '2013-09-11 14:43:52', 31.01, 1, 'Tomato Time Product', 34, 1, '2014-01-02 13:51:52'),
(175, 339, 702, 'Stripe Panel Polo Shirt in Light Blue', '2013-11-13 17:19:18', 425.00, 1, 'Tomato Product', 32, 1, '2014-01-02 13:51:53'),
(176, 349, 582, 'Be the Change Hunger', '2013-11-18 01:44:09', 850.00, 1, 'Swap Product', 109, 1, '2014-01-02 13:51:54'),
(177, 267, 232, 'Royal Blue Strap', '2013-09-11 13:49:51', 350.00, 1, 'Swap Product', 109, 1, '2014-01-02 13:55:36'),
(178, 268, 81, 'Time Test 4', '2013-09-11 14:43:52', 31.01, 1, 'Tomato Time Product', 34, 1, '2014-01-02 13:55:37'),
(179, 339, 702, 'Stripe Panel Polo Shirt in Light Blue', '2013-11-13 17:19:18', 425.00, 1, 'Tomato Product', 32, 1, '2014-01-02 13:55:38'),
(180, 349, 582, 'Be the Change Hunger', '2013-11-18 01:44:09', 850.00, 1, 'Swap Product', 109, 1, '2014-01-02 13:55:39'),
(181, 267, 232, 'Royal Blue Strap', '2013-09-11 13:49:51', 350.00, 1, 'Swap Product', 109, 1, '2014-01-02 14:03:47'),
(182, 268, 81, 'Time Test 4', '2013-09-11 14:43:52', 31.01, 1, 'Tomato Time Product', 34, 1, '2014-01-02 14:03:48'),
(183, 339, 702, 'Stripe Panel Polo Shirt in Light Blue', '2013-11-13 17:19:18', 425.00, 1, 'Tomato Product', 32, 1, '2014-01-02 14:03:49'),
(184, 349, 582, 'Be the Change Hunger', '2013-11-18 01:44:09', 850.00, 1, 'Swap Product', 109, 1, '2014-01-02 14:03:50'),
(185, 369, 760, 'E-Gift Certificate for P500', '2014-01-01 13:35:11', 500.00, 1, 'Tomato Product', 32, 19, '2014-01-02 14:04:16'),
(186, 267, 232, 'Royal Blue Strap', '2013-09-11 13:49:51', 350.00, 1, 'Swap Product', 109, 1, '2014-01-02 14:09:12'),
(187, 268, 81, 'Time Test 4', '2013-09-11 14:43:52', 31.01, 1, 'Tomato Time Product', 34, 1, '2014-01-02 14:09:13'),
(188, 339, 702, 'Stripe Panel Polo Shirt in Light Blue', '2013-11-13 17:19:18', 425.00, 1, 'Tomato Product', 32, 1, '2014-01-02 14:09:14'),
(189, 349, 582, 'Be the Change Hunger', '2013-11-18 01:44:09', 850.00, 1, 'Swap Product', 109, 1, '2014-01-02 14:09:15'),
(190, 369, 760, 'E-Gift Certificate for P500', '2014-01-01 13:35:11', 500.00, 1, 'Tomato Product', 32, 19, '2014-01-02 14:09:41'),
(191, 267, 232, 'Royal Blue Strap', '2013-09-11 13:49:51', 350.00, 1, 'Swap Product', 109, 1, '2014-01-02 14:11:10'),
(192, 268, 81, 'Time Test 4', '2013-09-11 14:43:52', 31.01, 1, 'Tomato Time Product', 34, 1, '2014-01-02 14:11:11'),
(193, 339, 702, 'Stripe Panel Polo Shirt in Light Blue', '2013-11-13 17:19:18', 425.00, 1, 'Tomato Product', 32, 1, '2014-01-02 14:11:12'),
(194, 349, 582, 'Be the Change Hunger', '2013-11-18 01:44:09', 850.00, 1, 'Swap Product', 109, 1, '2014-01-02 14:11:13'),
(195, 369, 760, 'E-Gift Certificate for P500', '2014-01-01 13:35:11', 500.00, 1, 'Tomato Product', 32, 19, '2014-01-02 14:11:39'),
(196, 267, 232, 'Royal Blue Strap', '2013-09-11 13:49:51', 350.00, 1, 'Swap Product', 109, 1, '2014-01-02 14:17:25'),
(197, 268, 81, 'Time Test 4', '2013-09-11 14:43:52', 31.01, 1, 'Tomato Time Product', 34, 1, '2014-01-02 14:17:26'),
(198, 339, 702, 'Stripe Panel Polo Shirt in Light Blue', '2013-11-13 17:19:18', 425.00, 1, 'Tomato Product', 32, 1, '2014-01-02 14:17:27'),
(199, 349, 582, 'Be the Change Hunger', '2013-11-18 01:44:09', 850.00, 1, 'Swap Product', 109, 1, '2014-01-02 14:17:28'),
(200, 371, 760, 'E-Gift Certificate for P500', '2014-01-02 14:02:25', 500.00, 1, 'Tomato Product', 32, 1, '2014-01-02 14:17:29'),
(201, 371, 760, 'E-Gift Certificate for P500', '2014-01-02 14:02:25', 500.00, 1, 'Tomato Product', 32, 2, '2014-01-02 14:17:33'),
(202, 371, 760, 'E-Gift Certificate for P500', '2014-01-02 14:02:25', 500.00, 1, 'Tomato Product', 32, 5, '2014-01-02 14:17:37'),
(203, 371, 760, 'E-Gift Certificate for P500', '2014-01-02 14:02:25', 500.00, 1, 'Tomato Product', 32, 6, '2014-01-02 14:17:41'),
(204, 371, 760, 'E-Gift Certificate for P500', '2014-01-02 14:02:25', 500.00, 1, 'Tomato Product', 32, 7, '2014-01-02 14:17:46'),
(205, 371, 760, 'E-Gift Certificate for P500', '2014-01-02 14:02:25', 500.00, 1, 'Tomato Product', 32, 16, '2014-01-02 14:17:50'),
(206, 371, 760, 'E-Gift Certificate for P500', '2014-01-02 14:02:25', 500.00, 1, 'Tomato Product', 32, 17, '2014-01-02 14:17:54'),
(207, 371, 760, 'E-Gift Certificate for P500', '2014-01-02 14:02:25', 500.00, 1, 'Tomato Product', 32, 18, '2014-01-02 14:17:58'),
(208, 369, 760, 'E-Gift Certificate for P500', '2014-01-01 13:35:11', 500.00, 1, 'Tomato Product', 32, 19, '2014-01-02 14:18:03'),
(209, 371, 760, 'E-Gift Certificate for P500', '2014-01-02 14:02:25', 500.00, 1, 'Tomato Product', 32, 19, '2014-01-02 14:18:04'),
(210, 371, 760, 'E-Gift Certificate for P500', '2014-01-02 14:02:25', 500.00, 1, 'Tomato Product', 32, 20, '2014-01-02 14:18:08'),
(211, 371, 760, 'E-Gift Certificate for P500', '2014-01-02 14:02:25', 500.00, 1, 'Tomato Product', 32, 21, '2014-01-02 14:18:12'),
(212, 267, 232, 'Royal Blue Strap', '2013-09-11 13:49:51', 350.00, 1, 'Swap Product', 109, 1, '2014-01-02 14:21:23'),
(213, 268, 81, 'Time Test 4', '2013-09-11 14:43:52', 31.01, 1, 'Tomato Time Product', 34, 1, '2014-01-02 14:21:24'),
(214, 339, 702, 'Stripe Panel Polo Shirt in Light Blue', '2013-11-13 17:19:18', 425.00, 1, 'Tomato Product', 32, 1, '2014-01-02 14:21:25'),
(215, 349, 582, 'Be the Change Hunger', '2013-11-18 01:44:09', 850.00, 1, 'Swap Product', 109, 1, '2014-01-02 14:21:26'),
(216, 371, 760, 'E-Gift Certificate for P500', '2014-01-02 14:02:25', 500.00, 1, 'Tomato Product', 32, 1, '2014-01-02 14:21:27'),
(217, 371, 760, 'E-Gift Certificate for P500', '2014-01-02 14:02:25', 500.00, 1, 'Tomato Product', 32, 2, '2014-01-02 14:21:31'),
(218, 371, 760, 'E-Gift Certificate for P500', '2014-01-02 14:02:25', 500.00, 1, 'Tomato Product', 32, 5, '2014-01-02 14:21:35'),
(219, 371, 760, 'E-Gift Certificate for P500', '2014-01-02 14:02:25', 500.00, 1, 'Tomato Product', 32, 6, '2014-01-02 14:21:39'),
(220, 371, 760, 'E-Gift Certificate for P500', '2014-01-02 14:02:25', 500.00, 1, 'Tomato Product', 32, 7, '2014-01-02 14:21:44'),
(221, 371, 760, 'E-Gift Certificate for P500', '2014-01-02 14:02:25', 500.00, 1, 'Tomato Product', 32, 16, '2014-01-02 14:21:48'),
(222, 371, 760, 'E-Gift Certificate for P500', '2014-01-02 14:02:25', 500.00, 1, 'Tomato Product', 32, 17, '2014-01-02 14:21:52'),
(223, 371, 760, 'E-Gift Certificate for P500', '2014-01-02 14:02:25', 500.00, 1, 'Tomato Product', 32, 18, '2014-01-02 14:21:56'),
(224, 369, 760, 'E-Gift Certificate for P500', '2014-01-01 13:35:11', 500.00, 1, 'Tomato Product', 32, 19, '2014-01-02 14:22:00'),
(225, 371, 760, 'E-Gift Certificate for P500', '2014-01-02 14:02:25', 500.00, 1, 'Tomato Product', 32, 19, '2014-01-02 14:22:01'),
(226, 371, 760, 'E-Gift Certificate for P500', '2014-01-02 14:02:25', 500.00, 1, 'Tomato Product', 32, 20, '2014-01-02 14:22:05'),
(227, 371, 760, 'E-Gift Certificate for P500', '2014-01-02 14:02:25', 500.00, 1, 'Tomato Product', 32, 21, '2014-01-02 14:22:10'),
(228, 267, 232, 'Royal Blue Strap', '2013-09-11 13:49:51', 350.00, 1, 'Swap Product', 109, 1, '2014-01-02 14:24:42'),
(229, 268, 81, 'Time Test 4', '2013-09-11 14:43:52', 31.01, 1, 'Tomato Time Product', 34, 1, '2014-01-02 14:24:43'),
(230, 339, 702, 'Stripe Panel Polo Shirt in Light Blue', '2013-11-13 17:19:18', 425.00, 1, 'Tomato Product', 32, 1, '2014-01-02 14:24:44'),
(231, 349, 582, 'Be the Change Hunger', '2013-11-18 01:44:09', 850.00, 1, 'Swap Product', 109, 1, '2014-01-02 14:24:45'),
(232, 371, 760, 'E-Gift Certificate for P500', '2014-01-02 14:02:25', 500.00, 1, 'Tomato Product', 32, 1, '2014-01-02 14:24:46'),
(233, 371, 760, 'E-Gift Certificate for P500', '2014-01-02 14:02:25', 500.00, 1, 'Tomato Product', 32, 2, '2014-01-02 14:24:50'),
(234, 371, 760, 'E-Gift Certificate for P500', '2014-01-02 14:02:25', 500.00, 1, 'Tomato Product', 32, 5, '2014-01-02 14:24:54'),
(235, 371, 760, 'E-Gift Certificate for P500', '2014-01-02 14:02:25', 500.00, 1, 'Tomato Product', 32, 6, '2014-01-02 14:24:58'),
(236, 371, 760, 'E-Gift Certificate for P500', '2014-01-02 14:02:25', 500.00, 1, 'Tomato Product', 32, 7, '2014-01-02 14:25:03'),
(237, 371, 760, 'E-Gift Certificate for P500', '2014-01-02 14:02:25', 500.00, 1, 'Tomato Product', 32, 16, '2014-01-02 14:25:07'),
(238, 371, 760, 'E-Gift Certificate for P500', '2014-01-02 14:02:25', 500.00, 1, 'Tomato Product', 32, 17, '2014-01-02 14:25:11'),
(239, 371, 760, 'E-Gift Certificate for P500', '2014-01-02 14:02:25', 500.00, 1, 'Tomato Product', 32, 18, '2014-01-02 14:25:15'),
(240, 369, 760, 'E-Gift Certificate for P500', '2014-01-01 13:35:11', 500.00, 1, 'Tomato Product', 32, 19, '2014-01-02 14:25:20'),
(241, 371, 760, 'E-Gift Certificate for P500', '2014-01-02 14:02:25', 500.00, 1, 'Tomato Product', 32, 19, '2014-01-02 14:25:21'),
(242, 371, 760, 'E-Gift Certificate for P500', '2014-01-02 14:02:25', 500.00, 1, 'Tomato Product', 32, 20, '2014-01-02 14:25:25'),
(243, 371, 760, 'E-Gift Certificate for P500', '2014-01-02 14:02:25', 500.00, 1, 'Tomato Product', 32, 21, '2014-01-02 14:25:29'),
(244, 267, 232, 'Royal Blue Strap', '2013-09-11 13:49:51', 350.00, 1, 'Swap Product', 109, 1, '2014-01-02 14:50:06'),
(245, 268, 81, 'Time Test 4', '2013-09-11 14:43:52', 31.01, 1, 'Tomato Time Product', 34, 1, '2014-01-02 14:50:07'),
(246, 339, 702, 'Stripe Panel Polo Shirt in Light Blue', '2013-11-13 17:19:18', 425.00, 1, 'Tomato Product', 32, 1, '2014-01-02 14:50:08'),
(247, 349, 582, 'Be the Change Hunger', '2013-11-18 01:44:09', 850.00, 1, 'Swap Product', 109, 1, '2014-01-02 14:50:09'),
(248, 371, 760, 'E-Gift Certificate for P500', '2014-01-02 14:02:25', 500.00, 1, 'Tomato Product', 32, 1, '2014-01-02 14:50:10'),
(249, 377, 278, 'The Struktur Speedster Watch', '2014-01-02 14:33:16', 1000.00, 2, 'Tomato Time Product', 34, 1, '2014-01-02 14:50:11'),
(250, 371, 760, 'E-Gift Certificate for P500', '2014-01-02 14:02:25', 500.00, 1, 'Tomato Product', 32, 2, '2014-01-02 14:50:16'),
(251, 377, 278, 'The Struktur Speedster Watch', '2014-01-02 14:33:16', 1000.00, 2, 'Tomato Time Product', 34, 2, '2014-01-02 14:50:17'),
(252, 371, 760, 'E-Gift Certificate for P500', '2014-01-02 14:02:25', 500.00, 1, 'Tomato Product', 32, 5, '2014-01-02 14:50:21'),
(253, 377, 278, 'The Struktur Speedster Watch', '2014-01-02 14:33:16', 1000.00, 2, 'Tomato Time Product', 34, 5, '2014-01-02 14:50:22'),
(254, 371, 760, 'E-Gift Certificate for P500', '2014-01-02 14:02:25', 500.00, 1, 'Tomato Product', 32, 6, '2014-01-02 14:50:26'),
(255, 377, 278, 'The Struktur Speedster Watch', '2014-01-02 14:33:16', 1000.00, 2, 'Tomato Time Product', 34, 6, '2014-01-02 14:50:27'),
(256, 371, 760, 'E-Gift Certificate for P500', '2014-01-02 14:02:25', 500.00, 1, 'Tomato Product', 32, 7, '2014-01-02 14:50:31'),
(257, 377, 278, 'The Struktur Speedster Watch', '2014-01-02 14:33:16', 1000.00, 2, 'Tomato Time Product', 34, 7, '2014-01-02 14:50:32'),
(258, 371, 760, 'E-Gift Certificate for P500', '2014-01-02 14:02:25', 500.00, 1, 'Tomato Product', 32, 16, '2014-01-02 14:50:36'),
(259, 377, 278, 'The Struktur Speedster Watch', '2014-01-02 14:33:16', 1000.00, 2, 'Tomato Time Product', 34, 16, '2014-01-02 14:50:37'),
(260, 371, 760, 'E-Gift Certificate for P500', '2014-01-02 14:02:25', 500.00, 1, 'Tomato Product', 32, 17, '2014-01-02 14:50:42'),
(261, 377, 278, 'The Struktur Speedster Watch', '2014-01-02 14:33:16', 1000.00, 2, 'Tomato Time Product', 34, 17, '2014-01-02 14:50:43'),
(262, 371, 760, 'E-Gift Certificate for P500', '2014-01-02 14:02:25', 500.00, 1, 'Tomato Product', 32, 18, '2014-01-02 14:50:47'),
(263, 377, 278, 'The Struktur Speedster Watch', '2014-01-02 14:33:16', 1000.00, 2, 'Tomato Time Product', 34, 18, '2014-01-02 14:50:48'),
(264, 369, 760, 'E-Gift Certificate for P500', '2014-01-01 13:35:11', 500.00, 1, 'Tomato Product', 32, 19, '2014-01-02 14:50:52'),
(265, 371, 760, 'E-Gift Certificate for P500', '2014-01-02 14:02:25', 500.00, 1, 'Tomato Product', 32, 19, '2014-01-02 14:50:53'),
(266, 377, 278, 'The Struktur Speedster Watch', '2014-01-02 14:33:16', 1000.00, 2, 'Tomato Time Product', 34, 19, '2014-01-02 14:50:54'),
(267, 371, 760, 'E-Gift Certificate for P500', '2014-01-02 14:02:25', 500.00, 1, 'Tomato Product', 32, 20, '2014-01-02 14:50:58'),
(268, 377, 278, 'The Struktur Speedster Watch', '2014-01-02 14:33:16', 1000.00, 2, 'Tomato Time Product', 34, 20, '2014-01-02 14:50:59'),
(269, 371, 760, 'E-Gift Certificate for P500', '2014-01-02 14:02:25', 500.00, 1, 'Tomato Product', 32, 21, '2014-01-02 14:51:03'),
(270, 377, 278, 'The Struktur Speedster Watch', '2014-01-02 14:33:16', 1000.00, 2, 'Tomato Time Product', 34, 21, '2014-01-02 14:51:05'),
(271, 371, 760, 'E-Gift Certificate for P500', '2014-01-02 14:02:25', 500.00, 1, 'Tomato Product', 32, 22, '2014-01-02 14:51:09'),
(272, 377, 278, 'The Struktur Speedster Watch', '2014-01-02 14:33:16', 1000.00, 2, 'Tomato Time Product', 34, 22, '2014-01-02 14:51:10'),
(273, 267, 232, 'Royal Blue Strap', '2013-09-11 13:49:51', 350.00, 1, 'Swap Product', 109, 1, '2014-01-03 14:30:41'),
(274, 268, 81, 'Time Test 4', '2013-09-11 14:43:52', 31.01, 1, 'Tomato Time Product', 34, 1, '2014-01-03 14:30:42'),
(275, 267, 232, 'Royal Blue Strap', '2013-09-11 13:49:51', 350.00, 1, 'Swap Product', 109, 1, '2014-01-03 14:30:43'),
(276, 339, 702, 'Stripe Panel Polo Shirt in Light Blue', '2013-11-13 17:19:18', 425.00, 1, 'Tomato Product', 32, 1, '2014-01-03 14:30:43'),
(277, 268, 81, 'Time Test 4', '2013-09-11 14:43:52', 31.01, 1, 'Tomato Time Product', 34, 1, '2014-01-03 14:30:44'),
(278, 349, 582, 'Be the Change Hunger', '2013-11-18 01:44:09', 850.00, 1, 'Swap Product', 109, 1, '2014-01-03 14:30:45'),
(279, 339, 702, 'Stripe Panel Polo Shirt in Light Blue', '2013-11-13 17:19:18', 425.00, 1, 'Tomato Product', 32, 1, '2014-01-03 14:30:45'),
(280, 371, 760, 'E-Gift Certificate for P500', '2014-01-02 14:02:25', 500.00, 1, 'Tomato Product', 32, 1, '2014-01-03 14:30:46'),
(281, 349, 582, 'Be the Change Hunger', '2013-11-18 01:44:09', 850.00, 1, 'Swap Product', 109, 1, '2014-01-03 14:30:46'),
(282, 377, 278, 'The Struktur Speedster Watch', '2014-01-02 14:33:16', 1000.00, 2, 'Tomato Time Product', 34, 1, '2014-01-03 14:30:47'),
(283, 371, 760, 'E-Gift Certificate for P500', '2014-01-02 14:02:25', 500.00, 1, 'Tomato Product', 32, 1, '2014-01-03 14:30:47'),
(284, 378, 334, 'Crystaline Flare Skirt in Purple', '2014-01-02 16:48:45', 420.00, 1, 'Tomato Product', 32, 1, '2014-01-03 14:30:48'),
(285, 377, 278, 'The Struktur Speedster Watch', '2014-01-02 14:33:16', 1000.00, 2, 'Tomato Time Product', 34, 1, '2014-01-03 14:30:48'),
(286, 378, 334, 'Crystaline Flare Skirt in Purple', '2014-01-02 16:48:45', 420.00, 1, 'Tomato Product', 32, 1, '2014-01-03 14:30:49'),
(287, 371, 760, 'E-Gift Certificate for P500', '2014-01-02 14:02:25', 500.00, 1, 'Tomato Product', 32, 2, '2014-01-03 14:30:52'),
(288, 377, 278, 'The Struktur Speedster Watch', '2014-01-02 14:33:16', 1000.00, 2, 'Tomato Time Product', 34, 2, '2014-01-03 14:30:53'),
(289, 371, 760, 'E-Gift Certificate for P500', '2014-01-02 14:02:25', 500.00, 1, 'Tomato Product', 32, 2, '2014-01-03 14:30:54'),
(290, 378, 334, 'Crystaline Flare Skirt in Purple', '2014-01-02 16:48:45', 420.00, 1, 'Tomato Product', 32, 2, '2014-01-03 14:30:54'),
(291, 377, 278, 'The Struktur Speedster Watch', '2014-01-02 14:33:16', 1000.00, 2, 'Tomato Time Product', 34, 2, '2014-01-03 14:30:55'),
(292, 378, 334, 'Crystaline Flare Skirt in Purple', '2014-01-02 16:48:45', 420.00, 1, 'Tomato Product', 32, 2, '2014-01-03 14:30:56'),
(293, 371, 760, 'E-Gift Certificate for P500', '2014-01-02 14:02:25', 500.00, 1, 'Tomato Product', 32, 5, '2014-01-03 14:30:58'),
(294, 377, 278, 'The Struktur Speedster Watch', '2014-01-02 14:33:16', 1000.00, 2, 'Tomato Time Product', 34, 5, '2014-01-03 14:30:59'),
(295, 371, 760, 'E-Gift Certificate for P500', '2014-01-02 14:02:25', 500.00, 1, 'Tomato Product', 32, 5, '2014-01-03 14:31:00'),
(296, 378, 334, 'Crystaline Flare Skirt in Purple', '2014-01-02 16:48:45', 420.00, 1, 'Tomato Product', 32, 5, '2014-01-03 14:31:00'),
(297, 377, 278, 'The Struktur Speedster Watch', '2014-01-02 14:33:16', 1000.00, 2, 'Tomato Time Product', 34, 5, '2014-01-03 14:31:01'),
(298, 378, 334, 'Crystaline Flare Skirt in Purple', '2014-01-02 16:48:45', 420.00, 1, 'Tomato Product', 32, 5, '2014-01-03 14:31:02'),
(299, 371, 760, 'E-Gift Certificate for P500', '2014-01-02 14:02:25', 500.00, 1, 'Tomato Product', 32, 6, '2014-01-03 14:31:04'),
(300, 377, 278, 'The Struktur Speedster Watch', '2014-01-02 14:33:16', 1000.00, 2, 'Tomato Time Product', 34, 6, '2014-01-03 14:31:05'),
(301, 378, 334, 'Crystaline Flare Skirt in Purple', '2014-01-02 16:48:45', 420.00, 1, 'Tomato Product', 32, 6, '2014-01-03 14:31:06'),
(302, 371, 760, 'E-Gift Certificate for P500', '2014-01-02 14:02:25', 500.00, 1, 'Tomato Product', 32, 6, '2014-01-03 14:31:06'),
(303, 377, 278, 'The Struktur Speedster Watch', '2014-01-02 14:33:16', 1000.00, 2, 'Tomato Time Product', 34, 6, '2014-01-03 14:31:07'),
(304, 378, 334, 'Crystaline Flare Skirt in Purple', '2014-01-02 16:48:45', 420.00, 1, 'Tomato Product', 32, 6, '2014-01-03 14:31:09'),
(305, 371, 760, 'E-Gift Certificate for P500', '2014-01-02 14:02:25', 500.00, 1, 'Tomato Product', 32, 7, '2014-01-03 14:31:11'),
(306, 377, 278, 'The Struktur Speedster Watch', '2014-01-02 14:33:16', 1000.00, 2, 'Tomato Time Product', 34, 7, '2014-01-03 14:31:12'),
(307, 378, 334, 'Crystaline Flare Skirt in Purple', '2014-01-02 16:48:45', 420.00, 1, 'Tomato Product', 32, 7, '2014-01-03 14:31:13'),
(308, 371, 760, 'E-Gift Certificate for P500', '2014-01-02 14:02:25', 500.00, 1, 'Tomato Product', 32, 7, '2014-01-03 14:31:13'),
(309, 377, 278, 'The Struktur Speedster Watch', '2014-01-02 14:33:16', 1000.00, 2, 'Tomato Time Product', 34, 7, '2014-01-03 14:31:14'),
(310, 378, 334, 'Crystaline Flare Skirt in Purple', '2014-01-02 16:48:45', 420.00, 1, 'Tomato Product', 32, 7, '2014-01-03 14:31:15'),
(311, 371, 760, 'E-Gift Certificate for P500', '2014-01-02 14:02:25', 500.00, 1, 'Tomato Product', 32, 16, '2014-01-03 14:31:17'),
(312, 377, 278, 'The Struktur Speedster Watch', '2014-01-02 14:33:16', 1000.00, 2, 'Tomato Time Product', 34, 16, '2014-01-03 14:31:18'),
(313, 378, 334, 'Crystaline Flare Skirt in Purple', '2014-01-02 16:48:45', 420.00, 1, 'Tomato Product', 32, 16, '2014-01-03 14:31:19'),
(314, 371, 760, 'E-Gift Certificate for P500', '2014-01-02 14:02:25', 500.00, 1, 'Tomato Product', 32, 16, '2014-01-03 14:31:19'),
(315, 377, 278, 'The Struktur Speedster Watch', '2014-01-02 14:33:16', 1000.00, 2, 'Tomato Time Product', 34, 16, '2014-01-03 14:31:20'),
(316, 378, 334, 'Crystaline Flare Skirt in Purple', '2014-01-02 16:48:45', 420.00, 1, 'Tomato Product', 32, 16, '2014-01-03 14:31:21'),
(317, 371, 760, 'E-Gift Certificate for P500', '2014-01-02 14:02:25', 500.00, 1, 'Tomato Product', 32, 17, '2014-01-03 14:31:23'),
(318, 377, 278, 'The Struktur Speedster Watch', '2014-01-02 14:33:16', 1000.00, 2, 'Tomato Time Product', 34, 17, '2014-01-03 14:31:24'),
(319, 378, 334, 'Crystaline Flare Skirt in Purple', '2014-01-02 16:48:45', 420.00, 1, 'Tomato Product', 32, 17, '2014-01-03 14:31:25'),
(320, 371, 760, 'E-Gift Certificate for P500', '2014-01-02 14:02:25', 500.00, 1, 'Tomato Product', 32, 17, '2014-01-03 14:31:25'),
(321, 377, 278, 'The Struktur Speedster Watch', '2014-01-02 14:33:16', 1000.00, 2, 'Tomato Time Product', 34, 17, '2014-01-03 14:31:26'),
(322, 378, 334, 'Crystaline Flare Skirt in Purple', '2014-01-02 16:48:45', 420.00, 1, 'Tomato Product', 32, 17, '2014-01-03 14:31:27'),
(323, 371, 760, 'E-Gift Certificate for P500', '2014-01-02 14:02:25', 500.00, 1, 'Tomato Product', 32, 18, '2014-01-03 14:31:29'),
(324, 377, 278, 'The Struktur Speedster Watch', '2014-01-02 14:33:16', 1000.00, 2, 'Tomato Time Product', 34, 18, '2014-01-03 14:31:30'),
(325, 378, 334, 'Crystaline Flare Skirt in Purple', '2014-01-02 16:48:45', 420.00, 1, 'Tomato Product', 32, 18, '2014-01-03 14:31:31'),
(326, 371, 760, 'E-Gift Certificate for P500', '2014-01-02 14:02:25', 500.00, 1, 'Tomato Product', 32, 18, '2014-01-03 14:31:32'),
(327, 377, 278, 'The Struktur Speedster Watch', '2014-01-02 14:33:16', 1000.00, 2, 'Tomato Time Product', 34, 18, '2014-01-03 14:31:33'),
(328, 378, 334, 'Crystaline Flare Skirt in Purple', '2014-01-02 16:48:45', 420.00, 1, 'Tomato Product', 32, 18, '2014-01-03 14:31:34'),
(329, 369, 760, 'E-Gift Certificate for P500', '2014-01-01 13:35:11', 500.00, 1, 'Tomato Product', 32, 19, '2014-01-03 14:31:36'),
(330, 371, 760, 'E-Gift Certificate for P500', '2014-01-02 14:02:25', 500.00, 1, 'Tomato Product', 32, 19, '2014-01-03 14:31:37'),
(331, 377, 278, 'The Struktur Speedster Watch', '2014-01-02 14:33:16', 1000.00, 2, 'Tomato Time Product', 34, 19, '2014-01-03 14:31:38'),
(332, 369, 760, 'E-Gift Certificate for P500', '2014-01-01 13:35:11', 500.00, 1, 'Tomato Product', 32, 19, '2014-01-03 14:31:38'),
(333, 378, 334, 'Crystaline Flare Skirt in Purple', '2014-01-02 16:48:45', 420.00, 1, 'Tomato Product', 32, 19, '2014-01-03 14:31:39'),
(334, 371, 760, 'E-Gift Certificate for P500', '2014-01-02 14:02:25', 500.00, 1, 'Tomato Product', 32, 19, '2014-01-03 14:31:39'),
(335, 377, 278, 'The Struktur Speedster Watch', '2014-01-02 14:33:16', 1000.00, 2, 'Tomato Time Product', 34, 19, '2014-01-03 14:31:40'),
(336, 378, 334, 'Crystaline Flare Skirt in Purple', '2014-01-02 16:48:45', 420.00, 1, 'Tomato Product', 32, 19, '2014-01-03 14:31:41'),
(337, 371, 760, 'E-Gift Certificate for P500', '2014-01-02 14:02:25', 500.00, 1, 'Tomato Product', 32, 20, '2014-01-03 14:31:43'),
(338, 377, 278, 'The Struktur Speedster Watch', '2014-01-02 14:33:16', 1000.00, 2, 'Tomato Time Product', 34, 20, '2014-01-03 14:31:44'),
(339, 378, 334, 'Crystaline Flare Skirt in Purple', '2014-01-02 16:48:45', 420.00, 1, 'Tomato Product', 32, 20, '2014-01-03 14:31:45'),
(340, 371, 760, 'E-Gift Certificate for P500', '2014-01-02 14:02:25', 500.00, 1, 'Tomato Product', 32, 20, '2014-01-03 14:31:45'),
(341, 377, 278, 'The Struktur Speedster Watch', '2014-01-02 14:33:16', 1000.00, 2, 'Tomato Time Product', 34, 20, '2014-01-03 14:31:46'),
(342, 378, 334, 'Crystaline Flare Skirt in Purple', '2014-01-02 16:48:45', 420.00, 1, 'Tomato Product', 32, 20, '2014-01-03 14:31:47'),
(343, 371, 760, 'E-Gift Certificate for P500', '2014-01-02 14:02:25', 500.00, 1, 'Tomato Product', 32, 21, '2014-01-03 14:31:49'),
(344, 377, 278, 'The Struktur Speedster Watch', '2014-01-02 14:33:16', 1000.00, 2, 'Tomato Time Product', 34, 21, '2014-01-03 14:31:50'),
(345, 378, 334, 'Crystaline Flare Skirt in Purple', '2014-01-02 16:48:45', 420.00, 1, 'Tomato Product', 32, 21, '2014-01-03 14:31:51'),
(346, 371, 760, 'E-Gift Certificate for P500', '2014-01-02 14:02:25', 500.00, 1, 'Tomato Product', 32, 21, '2014-01-03 14:31:52'),
(347, 377, 278, 'The Struktur Speedster Watch', '2014-01-02 14:33:16', 1000.00, 2, 'Tomato Time Product', 34, 21, '2014-01-03 14:31:53'),
(348, 378, 334, 'Crystaline Flare Skirt in Purple', '2014-01-02 16:48:45', 420.00, 1, 'Tomato Product', 32, 21, '2014-01-03 14:31:54'),
(349, 371, 760, 'E-Gift Certificate for P500', '2014-01-02 14:02:25', 500.00, 1, 'Tomato Product', 32, 22, '2014-01-03 14:31:55'),
(350, 377, 278, 'The Struktur Speedster Watch', '2014-01-02 14:33:16', 1000.00, 2, 'Tomato Time Product', 34, 22, '2014-01-03 14:31:56'),
(351, 378, 334, 'Crystaline Flare Skirt in Purple', '2014-01-02 16:48:45', 420.00, 1, 'Tomato Product', 32, 22, '2014-01-03 14:31:58'),
(352, 371, 760, 'E-Gift Certificate for P500', '2014-01-02 14:02:25', 500.00, 1, 'Tomato Product', 32, 22, '2014-01-03 14:31:58'),
(353, 377, 278, 'The Struktur Speedster Watch', '2014-01-02 14:33:16', 1000.00, 2, 'Tomato Time Product', 34, 22, '2014-01-03 14:31:59'),
(354, 378, 334, 'Crystaline Flare Skirt in Purple', '2014-01-02 16:48:45', 420.00, 1, 'Tomato Product', 32, 22, '2014-01-03 14:32:00'),
(355, 371, 760, 'E-Gift Certificate for P500', '2014-01-02 14:02:25', 500.00, 1, 'Tomato Product', 32, 23, '2014-01-03 14:32:02'),
(356, 377, 278, 'The Struktur Speedster Watch', '2014-01-02 14:33:16', 1000.00, 2, 'Tomato Time Product', 34, 23, '2014-01-03 14:32:03'),
(357, 378, 334, 'Crystaline Flare Skirt in Purple', '2014-01-02 16:48:45', 420.00, 1, 'Tomato Product', 32, 23, '2014-01-03 14:32:04'),
(358, 371, 760, 'E-Gift Certificate for P500', '2014-01-02 14:02:25', 500.00, 1, 'Tomato Product', 32, 23, '2014-01-03 14:32:04'),
(359, 377, 278, 'The Struktur Speedster Watch', '2014-01-02 14:33:16', 1000.00, 2, 'Tomato Time Product', 34, 23, '2014-01-03 14:32:05'),
(360, 378, 334, 'Crystaline Flare Skirt in Purple', '2014-01-02 16:48:45', 420.00, 1, 'Tomato Product', 32, 23, '2014-01-03 14:32:06'),
(361, 371, 760, 'E-Gift Certificate for P500', '2014-01-02 14:02:25', 500.00, 1, 'Tomato Product', 32, 24, '2014-01-03 14:32:08'),
(362, 377, 278, 'The Struktur Speedster Watch', '2014-01-02 14:33:16', 1000.00, 2, 'Tomato Time Product', 34, 24, '2014-01-03 14:32:09'),
(363, 378, 334, 'Crystaline Flare Skirt in Purple', '2014-01-02 16:48:45', 420.00, 1, 'Tomato Product', 32, 24, '2014-01-03 14:32:10'),
(364, 371, 760, 'E-Gift Certificate for P500', '2014-01-02 14:02:25', 500.00, 1, 'Tomato Product', 32, 24, '2014-01-03 14:32:11'),
(365, 377, 278, 'The Struktur Speedster Watch', '2014-01-02 14:33:16', 1000.00, 2, 'Tomato Time Product', 34, 24, '2014-01-03 14:32:12'),
(366, 378, 334, 'Crystaline Flare Skirt in Purple', '2014-01-02 16:48:45', 420.00, 1, 'Tomato Product', 32, 24, '2014-01-03 14:32:13'),
(367, 267, 797, 'Sphere Membership Kit', '2013-09-11 13:49:51', 1700.00, 1, 'Tomato Product', 32, 1, '2014-01-03 15:18:21'),
(368, 268, 797, 'Sphere Membership Kit', '2013-09-11 14:43:52', 1700.00, 1, 'Tomato Product', 32, 1, '2014-01-03 15:18:22'),
(369, 339, 797, 'Sphere Membership Kit', '2013-11-13 17:19:18', 1700.00, 1, 'Tomato Product', 32, 1, '2014-01-03 15:18:23'),
(370, 349, 797, 'Sphere Membership Kit', '2013-11-18 01:44:09', 1700.00, 1, 'Tomato Product', 32, 1, '2014-01-03 15:18:24'),
(371, 377, 797, 'Sphere Membership Kit', '2014-01-02 14:33:16', 1700.00, 2, 'Tomato Product', 32, 1, '2014-01-03 15:18:25'),
(372, 377, 797, 'Sphere Membership Kit', '2014-01-02 14:33:16', 1700.00, 2, 'Tomato Product', 32, 2, '2014-01-03 15:18:29'),
(373, 377, 797, 'Sphere Membership Kit', '2014-01-02 14:33:16', 1700.00, 2, 'Tomato Product', 32, 5, '2014-01-03 15:18:33'),
(374, 377, 797, 'Sphere Membership Kit', '2014-01-02 14:33:16', 1700.00, 2, 'Tomato Product', 32, 6, '2014-01-03 15:18:38'),
(375, 377, 797, 'Sphere Membership Kit', '2014-01-02 14:33:16', 1700.00, 2, 'Tomato Product', 32, 7, '2014-01-03 15:18:42'),
(376, 377, 797, 'Sphere Membership Kit', '2014-01-02 14:33:16', 1700.00, 2, 'Tomato Product', 32, 16, '2014-01-03 15:18:46'),
(377, 377, 797, 'Sphere Membership Kit', '2014-01-02 14:33:16', 1700.00, 2, 'Tomato Product', 32, 17, '2014-01-03 15:18:50'),
(378, 377, 797, 'Sphere Membership Kit', '2014-01-02 14:33:16', 1700.00, 2, 'Tomato Product', 32, 18, '2014-01-03 15:18:54'),
(379, 377, 797, 'Sphere Membership Kit', '2014-01-02 14:33:16', 1700.00, 2, 'Tomato Product', 32, 19, '2014-01-03 15:18:59'),
(380, 377, 797, 'Sphere Membership Kit', '2014-01-02 14:33:16', 1700.00, 2, 'Tomato Product', 32, 20, '2014-01-03 15:19:03'),
(381, 377, 797, 'Sphere Membership Kit', '2014-01-02 14:33:16', 1700.00, 2, 'Tomato Product', 32, 21, '2014-01-03 15:19:07'),
(382, 377, 797, 'Sphere Membership Kit', '2014-01-02 14:33:16', 1700.00, 2, 'Tomato Product', 32, 22, '2014-01-03 15:19:11'),
(383, 377, 797, 'Sphere Membership Kit', '2014-01-02 14:33:16', 1700.00, 2, 'Tomato Product', 32, 23, '2014-01-03 15:19:15'),
(384, 377, 797, 'Sphere Membership Kit', '2014-01-02 14:33:16', 1700.00, 2, 'Tomato Product', 32, 24, '2014-01-03 15:19:19'),
(385, 377, 797, 'Sphere Membership Kit', '2014-01-02 14:33:16', 1700.00, 2, 'Tomato Product', 32, 25, '2014-01-03 15:19:24'),
(386, 377, 797, 'Sphere Membership Kit', '2014-01-02 14:33:16', 1700.00, 2, 'Tomato Product', 32, 26, '2014-01-03 15:19:28'),
(387, 377, 797, 'Sphere Membership Kit', '2014-01-02 14:33:16', 1700.00, 2, 'Tomato Product', 32, 27, '2014-01-03 15:19:32'),
(388, 377, 797, 'Sphere Membership Kit', '2014-01-02 14:33:16', 1700.00, 2, 'Tomato Product', 32, 28, '2014-01-03 15:19:36'),
(389, 377, 797, 'Sphere Membership Kit', '2014-01-02 14:33:16', 1700.00, 2, 'Tomato Product', 32, 29, '2014-01-03 15:19:40'),
(390, 377, 797, 'Sphere Membership Kit', '2014-01-02 14:33:16', 1700.00, 2, 'Tomato Product', 32, 30, '2014-01-03 15:19:44'),
(391, 377, 797, 'Sphere Membership Kit', '2014-01-02 14:33:16', 1700.00, 2, 'Tomato Product', 32, 31, '2014-01-03 15:19:48'),
(392, 377, 797, 'Sphere Membership Kit', '2014-01-02 14:33:16', 1700.00, 2, 'Tomato Product', 32, 32, '2014-01-03 15:19:53'),
(393, 377, 797, 'Sphere Membership Kit', '2014-01-02 14:33:16', 1700.00, 2, 'Tomato Product', 32, 33, '2014-01-03 15:19:57'),
(394, 377, 797, 'Sphere Membership Kit', '2014-01-02 14:33:16', 1700.00, 2, 'Tomato Product', 32, 34, '2014-01-03 15:20:01'),
(395, 267, 797, 'Sphere Membership Kit', '2013-09-11 13:49:51', 1700.00, 1, 'Tomato Product', 32, 1, '2014-01-03 16:04:00'),
(396, 268, 797, 'Sphere Membership Kit', '2013-09-11 14:43:52', 1700.00, 1, 'Tomato Product', 32, 1, '2014-01-03 16:04:02'),
(397, 339, 797, 'Sphere Membership Kit', '2013-11-13 17:19:18', 1700.00, 1, 'Tomato Product', 32, 1, '2014-01-03 16:04:03'),
(398, 349, 797, 'Sphere Membership Kit', '2013-11-18 01:44:09', 1700.00, 1, 'Tomato Product', 32, 1, '2014-01-03 16:04:04'),
(399, 377, 797, 'Sphere Membership Kit', '2014-01-02 14:33:16', 1700.00, 2, 'Tomato Product', 32, 1, '2014-01-03 16:04:05'),
(400, 377, 797, 'Sphere Membership Kit', '2014-01-02 14:33:16', 1700.00, 2, 'Tomato Product', 32, 2, '2014-01-03 16:04:09'),
(401, 377, 797, 'Sphere Membership Kit', '2014-01-02 14:33:16', 1700.00, 2, 'Tomato Product', 32, 5, '2014-01-03 16:04:13'),
(402, 377, 797, 'Sphere Membership Kit', '2014-01-02 14:33:16', 1700.00, 2, 'Tomato Product', 32, 6, '2014-01-03 16:04:17'),
(403, 377, 797, 'Sphere Membership Kit', '2014-01-02 14:33:16', 1700.00, 2, 'Tomato Product', 32, 7, '2014-01-03 16:04:22'),
(404, 377, 797, 'Sphere Membership Kit', '2014-01-02 14:33:16', 1700.00, 2, 'Tomato Product', 32, 16, '2014-01-03 16:04:26'),
(405, 377, 797, 'Sphere Membership Kit', '2014-01-02 14:33:16', 1700.00, 2, 'Tomato Product', 32, 17, '2014-01-03 16:04:30'),
(406, 377, 797, 'Sphere Membership Kit', '2014-01-02 14:33:16', 1700.00, 2, 'Tomato Product', 32, 18, '2014-01-03 16:04:34'),
(407, 377, 797, 'Sphere Membership Kit', '2014-01-02 14:33:16', 1700.00, 2, 'Tomato Product', 32, 19, '2014-01-03 16:04:38'),
(408, 377, 797, 'Sphere Membership Kit', '2014-01-02 14:33:16', 1700.00, 2, 'Tomato Product', 32, 20, '2014-01-03 16:04:43'),
(409, 377, 797, 'Sphere Membership Kit', '2014-01-02 14:33:16', 1700.00, 2, 'Tomato Product', 32, 21, '2014-01-03 16:04:47'),
(410, 377, 797, 'Sphere Membership Kit', '2014-01-02 14:33:16', 1700.00, 2, 'Tomato Product', 32, 22, '2014-01-03 16:04:51'),
(411, 377, 797, 'Sphere Membership Kit', '2014-01-02 14:33:16', 1700.00, 2, 'Tomato Product', 32, 23, '2014-01-03 16:04:55'),
(412, 377, 797, 'Sphere Membership Kit', '2014-01-02 14:33:16', 1700.00, 2, 'Tomato Product', 32, 24, '2014-01-03 16:04:59'),
(413, 377, 797, 'Sphere Membership Kit', '2014-01-02 14:33:16', 1700.00, 2, 'Tomato Product', 32, 25, '2014-01-03 16:05:03'),
(414, 377, 797, 'Sphere Membership Kit', '2014-01-02 14:33:16', 1700.00, 2, 'Tomato Product', 32, 26, '2014-01-03 16:05:08'),
(415, 377, 797, 'Sphere Membership Kit', '2014-01-02 14:33:16', 1700.00, 2, 'Tomato Product', 32, 27, '2014-01-03 16:05:12'),
(416, 377, 797, 'Sphere Membership Kit', '2014-01-02 14:33:16', 1700.00, 2, 'Tomato Product', 32, 28, '2014-01-03 16:05:16'),
(417, 377, 797, 'Sphere Membership Kit', '2014-01-02 14:33:16', 1700.00, 2, 'Tomato Product', 32, 29, '2014-01-03 16:05:20'),
(418, 377, 797, 'Sphere Membership Kit', '2014-01-02 14:33:16', 1700.00, 2, 'Tomato Product', 32, 30, '2014-01-03 16:05:24'),
(419, 377, 797, 'Sphere Membership Kit', '2014-01-02 14:33:16', 1700.00, 2, 'Tomato Product', 32, 31, '2014-01-03 16:05:28'),
(420, 377, 797, 'Sphere Membership Kit', '2014-01-02 14:33:16', 1700.00, 2, 'Tomato Product', 32, 32, '2014-01-03 16:05:33'),
(421, 377, 797, 'Sphere Membership Kit', '2014-01-02 14:33:16', 1700.00, 2, 'Tomato Product', 32, 33, '2014-01-03 16:05:37'),
(422, 377, 797, 'Sphere Membership Kit', '2014-01-02 14:33:16', 1700.00, 2, 'Tomato Product', 32, 34, '2014-01-03 16:05:41');

-- --------------------------------------------------------

--
-- Table structure for table `rewards_member_purchases`
--

CREATE TABLE IF NOT EXISTS `rewards_member_purchases` (
  `id` int(11) NOT NULL AUTO_INCREMENT,
  `member_id` int(11) NOT NULL,
  `price` float(10,2) NOT NULL,
  `purchase_date` datetime NOT NULL,
  `product_id` int(11) NOT NULL,
  PRIMARY KEY (`id`)
) ENGINE=InnoDB DEFAULT CHARSET=latin1 AUTO_INCREMENT=1 ;

-- --------------------------------------------------------

--
-- Table structure for table `rewards_messages`
--

CREATE TABLE IF NOT EXISTS `rewards_messages` (
  `message_id` int(20) NOT NULL AUTO_INCREMENT,
  `message` varchar(10000) NOT NULL,
  `fromx` varchar(50) NOT NULL,
  `tox` varchar(50) NOT NULL,
  `datex` date NOT NULL,
  PRIMARY KEY (`message_id`)
) ENGINE=InnoDB  DEFAULT CHARSET=latin1 AUTO_INCREMENT=14 ;

--
-- Dumping data for table `rewards_messages`
--

INSERT INTO `rewards_messages` (`message_id`, `message`, `fromx`, `tox`, `datex`) VALUES
(10, 'Hello testing messages', '00000000020', '00000000019', '2014-01-02');

-- --------------------------------------------------------

--
-- Table structure for table `rewards_options`
--

CREATE TABLE IF NOT EXISTS `rewards_options` (
  `member_mr` float NOT NULL,
  `group_mr` float NOT NULL,
  `member_direct_discount` float NOT NULL,
  `member_upline_discount` float NOT NULL
) ENGINE=InnoDB DEFAULT CHARSET=latin1;

-- --------------------------------------------------------

--
-- Table structure for table `rewards_orders`
--

CREATE TABLE IF NOT EXISTS `rewards_orders` (
  `id` int(11) NOT NULL AUTO_INCREMENT,
  `member_id` int(11) NOT NULL,
  `purchased_on` datetime NOT NULL,
  `total_items` int(11) NOT NULL,
  `total_price` float(10,2) NOT NULL,
  `discount` float(10,2) NOT NULL,
  `tax` int(11) NOT NULL,
  `shipping_price` float(10,2) NOT NULL,
  `status` int(11) NOT NULL,
  `note` text NOT NULL,
  `process_date` datetime NOT NULL,
  `billing_street` varchar(128) NOT NULL DEFAULT '',
  `billing_city` varchar(32) NOT NULL DEFAULT '',
  `billing_state` varchar(32) NOT NULL DEFAULT '',
  `billing_country` varchar(32) NOT NULL DEFAULT '',
  `shipping_street` varchar(128) NOT NULL DEFAULT '',
  `shipping_city` varchar(32) NOT NULL DEFAULT '',
  `shipping_state` varchar(32) NOT NULL DEFAULT '',
  `shipping_country` varchar(32) NOT NULL DEFAULT '',
  `firstname` varchar(64) DEFAULT NULL,
  `lastname` varchar(64) DEFAULT NULL,
  `phone_no` varchar(16) DEFAULT NULL,
  `mobile_no` varchar(16) DEFAULT NULL,
  `email` varchar(128) DEFAULT NULL,
  `tracking_no` int(11) DEFAULT NULL,
  `bank_name` int(11) DEFAULT NULL,
  `reference_no` int(11) DEFAULT NULL,
  `payment_date` int(11) DEFAULT NULL,
  PRIMARY KEY (`id`)
) ENGINE=InnoDB  DEFAULT CHARSET=latin1 AUTO_INCREMENT=7 ;

--
-- Dumping data for table `rewards_orders`
--

INSERT INTO `rewards_orders` (`id`, `member_id`, `purchased_on`, `total_items`, `total_price`, `discount`, `tax`, `shipping_price`, `status`, `note`, `process_date`, `billing_street`, `billing_city`, `billing_state`, `billing_country`, `shipping_street`, `shipping_city`, `shipping_state`, `shipping_country`, `firstname`, `lastname`, `phone_no`, `mobile_no`, `email`, `tracking_no`, `bank_name`, `reference_no`, `payment_date`) VALUES
(1, 1, '2013-11-21 06:34:20', 1, 0.00, 0.00, 0, 0.00, 1, '', '0000-00-00 00:00:00', '', '', '', '', '', '', '', '', NULL, NULL, NULL, NULL, NULL, NULL, NULL, NULL, NULL),
(2, 2, '2013-11-21 06:55:13', 1, 0.00, 0.00, 0, 0.00, 1, '', '0000-00-00 00:00:00', '', '', '', '', '', '', '', '', NULL, NULL, NULL, NULL, NULL, NULL, NULL, NULL, NULL),
(3, 3, '2013-11-21 07:48:20', 1, 1700.00, 0.00, 0, 0.00, 1, '', '0000-00-00 00:00:00', '', '', '', '', '', '', '', '', NULL, NULL, NULL, NULL, NULL, NULL, NULL, NULL, NULL),
(4, 3, '2013-11-21 11:40:51', 1, 900.00, 0.00, 0, 0.00, 1, '', '0000-00-00 00:00:00', 'Sta Mesa', 'Manila', 'Manila', 'PH', 'Sta Mesa', 'Manila', 'Manila', 'PH', 'Cris', 'del Rosario', '9887766', '09168887722', 'nigaima@gmail.com', NULL, NULL, NULL, NULL),
(5, 4, '2013-11-22 08:04:50', 1, 1700.00, 0.00, 0, 0.00, 1, '', '0000-00-00 00:00:00', '', '', '', '', '', '', '', '', NULL, NULL, NULL, NULL, NULL, NULL, NULL, NULL, NULL),
(6, 2, '2013-11-22 08:21:30', 3, 3300.00, 0.00, 0, 0.00, 1, '', '0000-00-00 00:00:00', 'Pasong Tamo', 'Makati', 'M.M.', 'PH', 'Pasong Tamo', 'Makati', 'M.M.', 'PH', 'Jon', 'Dionisio', '8128643', '09175379438', 'dionisiodotcom@yahoo.com', NULL, NULL, NULL, NULL);

-- --------------------------------------------------------

--
-- Table structure for table `rewards_order_invoice`
--

CREATE TABLE IF NOT EXISTS `rewards_order_invoice` (
  `id` int(11) NOT NULL AUTO_INCREMENT,
  `order_id` int(11) NOT NULL,
  `invoice` varchar(32) NOT NULL DEFAULT '',
  `invoice_date` datetime NOT NULL,
  PRIMARY KEY (`id`)
) ENGINE=InnoDB  DEFAULT CHARSET=latin1 AUTO_INCREMENT=3 ;

--
-- Dumping data for table `rewards_order_invoice`
--

INSERT INTO `rewards_order_invoice` (`id`, `order_id`, `invoice`, `invoice_date`) VALUES
(1, 4, 'INV00000000004', '2013-11-21 11:40:51'),
(2, 6, 'INV00000000006', '2013-11-22 08:21:30');

-- --------------------------------------------------------

--
-- Table structure for table `rewards_order_items`
--

CREATE TABLE IF NOT EXISTS `rewards_order_items` (
  `id` int(11) NOT NULL AUTO_INCREMENT,
  `order_id` int(11) NOT NULL,
  `product_id` int(11) NOT NULL,
  `price` float(10,2) NOT NULL,
  `discount` float(10,2) NOT NULL,
  `qty` int(11) NOT NULL,
  PRIMARY KEY (`id`)
) ENGINE=InnoDB  DEFAULT CHARSET=latin1 AUTO_INCREMENT=10 ;

--
-- Dumping data for table `rewards_order_items`
--

INSERT INTO `rewards_order_items` (`id`, `order_id`, `product_id`, `price`, `discount`, `qty`) VALUES
(1, 1, 4, 1700.00, 0.00, 0),
(2, 2, 4, 1700.00, 0.00, 0),
(3, 3, 4, 1700.00, 0.00, 1),
(4, 4, 2, 900.00, 0.00, 1),
(5, 5, 4, 1700.00, 0.00, 1),
(6, 6, 1, 0.00, 0.00, 0),
(7, 6, 1, 700.00, 0.00, 1),
(8, 6, 2, 900.00, 0.00, 1),
(9, 6, 4, 1700.00, 0.00, 1);

-- --------------------------------------------------------

--
-- Table structure for table `rewards_order_status`
--

CREATE TABLE IF NOT EXISTS `rewards_order_status` (
  `id` int(11) NOT NULL,
  `status` varchar(10) DEFAULT NULL
) ENGINE=InnoDB DEFAULT CHARSET=latin1;

--
-- Dumping data for table `rewards_order_status`
--

INSERT INTO `rewards_order_status` (`id`, `status`) VALUES
(1, 'New'),
(2, 'Pending'),
(3, 'Completed');

-- --------------------------------------------------------

--
-- Table structure for table `rewards_password_history`
--

CREATE TABLE IF NOT EXISTS `rewards_password_history` (
  `id` int(11) NOT NULL,
  `request_type` int(11) NOT NULL,
  `request_date` datetime NOT NULL,
  `previous_password` varchar(32) NOT NULL,
  `requester_location` text NOT NULL,
  `requester_ipaddr` varchar(32) NOT NULL,
  `requester_useragent` text NOT NULL
) ENGINE=InnoDB DEFAULT CHARSET=latin1;

-- --------------------------------------------------------

--
-- Table structure for table `rewards_payment_details`
--

CREATE TABLE IF NOT EXISTS `rewards_payment_details` (
  `id` int(11) NOT NULL AUTO_INCREMENT,
  `order_id` int(11) NOT NULL,
  `bank_name` varchar(64) NOT NULL,
  `bank_account_name` varchar(16) NOT NULL DEFAULT '',
  `bank_account_no` varchar(16) NOT NULL DEFAULT '',
  `bank_branch` varchar(32) NOT NULL,
  `billing_street` text NOT NULL,
  `billing_city` varchar(32) NOT NULL,
  `billing_state` varchar(32) NOT NULL DEFAULT '',
  `billing_country` varchar(32) NOT NULL,
  `shipping_street` text NOT NULL,
  `shipping_city` varchar(32) NOT NULL,
  `shipping_state` varchar(32) NOT NULL DEFAULT '',
  `shipping_country` varchar(32) NOT NULL,
  `payment_date` datetime NOT NULL,
  `payment_status` int(1) NOT NULL,
  PRIMARY KEY (`id`)
) ENGINE=InnoDB DEFAULT CHARSET=latin1 AUTO_INCREMENT=1 ;

-- --------------------------------------------------------

--
-- Table structure for table `rewards_personal_sales_incentives`
--

CREATE TABLE IF NOT EXISTS `rewards_personal_sales_incentives` (
  `id` int(11) NOT NULL AUTO_INCREMENT,
  `year` date NOT NULL,
  `mr` float(10,2) NOT NULL,
  `member_id` int(10) unsigned zerofill NOT NULL,
  PRIMARY KEY (`id`)
) ENGINE=InnoDB DEFAULT CHARSET=latin1 AUTO_INCREMENT=1 ;

-- --------------------------------------------------------

--
-- Table structure for table `rewards_products`
--

CREATE TABLE IF NOT EXISTS `rewards_products` (
  `id` int(11) NOT NULL AUTO_INCREMENT,
  `in_stock` int(11) NOT NULL,
  `product_type` int(11) NOT NULL,
  `price` float(10,2) NOT NULL,
  `description` varchar(128) NOT NULL,
  `tax` float(10,2) NOT NULL,
  `name` varchar(64) NOT NULL,
  `photo` varchar(128) NOT NULL,
  `discount` float(10,2) NOT NULL,
  `product_code` varchar(11) NOT NULL DEFAULT '',
  PRIMARY KEY (`id`)
) ENGINE=InnoDB  DEFAULT CHARSET=latin1 AUTO_INCREMENT=5 ;

--
-- Dumping data for table `rewards_products`
--

INSERT INTO `rewards_products` (`id`, `in_stock`, `product_type`, `price`, `description`, `tax`, `name`, `photo`, `discount`, `product_code`) VALUES
(1, 3, 2, 700.00, 'Round faced ladies'' watch with silver plated watch ring. Black and white colored dial with rhinestones and a faux leather strap.', 0.00, 'The Corporate Vogue Watch in Black', 'images/products/e8532404f2e936cdd1f0582c9abeb1d6.jpg', 0.00, ''),
(2, 9, 3, 900.00, 'Women''s shoulder bag made with faux leather. Featuring symmetrical front pockets w/ zipper closure, back pocket and non-adjustab', 0.00, '"Nizareth" Shoulder Bag in Black', 'images/products/af185c3275ec7b976f8d5e83817da59c.jpg', 0.00, ''),
(3, 18, 3, 450.00, 'A classic carry all bag featuring a spacious bag compartment and multiple pockets. With contrast shoulder straps. Magnet clasp e', 0.00, 'Classic Carry-all Tote Bag in Black', 'images/products/4e1fa651fc4b20e10924a306e2776d68.jpg', 0.00, ''),
(4, 3, 1, 1700.00, 'Intensively restores vitality and reconstructs dry and damaged hair to a healthy and silky smooth state\r\nInfused with pro-kerati', 0.00, 'Pro-Keratin Deep Penetrating Reconstructor', 'images/products/68e31b67f2c9f4c6489fe2f98fc7da10.jpg', 0.00, '');

-- --------------------------------------------------------

--
-- Table structure for table `rewards_products_stats`
--

CREATE TABLE IF NOT EXISTS `rewards_products_stats` (
  `id` int(11) NOT NULL AUTO_INCREMENT,
  `name` varchar(32) NOT NULL,
  `type` int(11) NOT NULL,
  `count` int(11) NOT NULL,
  `date` datetime NOT NULL,
  PRIMARY KEY (`id`)
) ENGINE=InnoDB DEFAULT CHARSET=latin1 AUTO_INCREMENT=1 ;

-- --------------------------------------------------------

--
-- Table structure for table `rewards_product_catalog`
--

CREATE TABLE IF NOT EXISTS `rewards_product_catalog` (
  `id` int(11) NOT NULL AUTO_INCREMENT,
  `title` varchar(64) NOT NULL,
  `parent` int(11) NOT NULL,
  PRIMARY KEY (`id`)
) ENGINE=InnoDB  DEFAULT CHARSET=latin1 AUTO_INCREMENT=4 ;

--
-- Dumping data for table `rewards_product_catalog`
--

INSERT INTO `rewards_product_catalog` (`id`, `title`, `parent`) VALUES
(1, 'Entry Level Kit', 0),
(2, 'Watches', 0),
(3, 'Bags', 0);

-- --------------------------------------------------------

--
-- Table structure for table `rewards_product_images`
--

CREATE TABLE IF NOT EXISTS `rewards_product_images` (
  `id` int(11) NOT NULL AUTO_INCREMENT,
  `product_id` int(11) NOT NULL,
  `photo` varchar(64) NOT NULL,
  PRIMARY KEY (`id`)
) ENGINE=InnoDB DEFAULT CHARSET=latin1 AUTO_INCREMENT=1 ;

-- --------------------------------------------------------

--
-- Table structure for table `rewards_product_sub_category`
--

CREATE TABLE IF NOT EXISTS `rewards_product_sub_category` (
  `id` int(11) NOT NULL AUTO_INCREMENT,
  `title` int(11) NOT NULL,
  PRIMARY KEY (`id`)
) ENGINE=InnoDB DEFAULT CHARSET=latin1 AUTO_INCREMENT=1 ;

-- --------------------------------------------------------

--
-- Table structure for table `rewards_purchase_history`
--

CREATE TABLE IF NOT EXISTS `rewards_purchase_history` (
  `id` int(10) unsigned zerofill NOT NULL AUTO_INCREMENT,
  `member_id` int(11) NOT NULL,
  `date_purchased` datetime NOT NULL,
  `product_id` int(11) NOT NULL,
  PRIMARY KEY (`id`)
) ENGINE=InnoDB DEFAULT CHARSET=latin1 AUTO_INCREMENT=1 ;

-- --------------------------------------------------------

--
-- Table structure for table `rewards_referral_codes`
--

CREATE TABLE IF NOT EXISTS `rewards_referral_codes` (
  `id` int(11) NOT NULL AUTO_INCREMENT,
  `code` int(11) NOT NULL,
  PRIMARY KEY (`id`,`code`)
) ENGINE=InnoDB DEFAULT CHARSET=latin1 AUTO_INCREMENT=1 ;

-- --------------------------------------------------------

--
-- Table structure for table `rewards_report_products`
--

CREATE TABLE IF NOT EXISTS `rewards_report_products` (
  `id` int(11) NOT NULL AUTO_INCREMENT,
  `product_id` int(11) NOT NULL,
  `report_date` date NOT NULL,
  `price` float(10,2) NOT NULL,
  `qty` int(11) NOT NULL,
  PRIMARY KEY (`id`)
) ENGINE=InnoDB DEFAULT CHARSET=latin1 AUTO_INCREMENT=1 ;

-- --------------------------------------------------------

--
-- Table structure for table `rewards_shops`
--

CREATE TABLE IF NOT EXISTS `rewards_shops` (
  `shop_id` int(11) NOT NULL AUTO_INCREMENT,
  `shop_url` varchar(64) NOT NULL,
  `shop_owner` int(10) unsigned zerofill NOT NULL,
  `creation_date` datetime NOT NULL,
  PRIMARY KEY (`shop_id`)
) ENGINE=InnoDB  DEFAULT CHARSET=latin1 AUTO_INCREMENT=32 ;

--
-- Dumping data for table `rewards_shops`
--

INSERT INTO `rewards_shops` (`shop_id`, `shop_url`, `shop_owner`, `creation_date`) VALUES
(1, 'jon.dionisio', 0000000001, '2013-11-21 06:34:20'),
(2, 'jon.dionisio', 0000000002, '2013-11-21 06:55:13'),
(3, 'cris.delrosario', 0000000003, '2013-11-21 07:48:20'),
(4, 'jason.delarosa', 0000000004, '2013-11-22 08:04:50'),
(5, 'angelito.tan', 0000000005, '2013-12-12 10:32:52'),
(6, 'lawrence.cruz', 0000000006, '2013-12-12 10:39:16'),
(7, '', 0000000007, '2013-12-16 04:17:27'),
(8, '', 0000000008, '2013-12-16 04:19:06'),
(9, '', 0000000009, '2013-12-16 04:25:20'),
(10, '', 0000000011, '2013-12-16 04:52:20'),
(11, '', 0000000012, '2013-12-16 05:39:20'),
(12, '', 0000000013, '2013-12-16 05:41:34'),
(13, '', 0000000014, '2013-12-16 06:32:25'),
(14, '', 0000000015, '2013-12-16 06:35:36'),
(15, '', 0000000016, '2013-12-16 07:43:04'),
(16, 'avegail.delarosa', 0000000020, '2014-01-02 11:20:01'),
(17, 'jason.delarosa', 0000000021, '2014-01-02 12:18:12'),
(18, 'ana.anastacio', 0000000022, '2014-01-02 14:32:15'),
(19, 'jayjay.viray', 0000000023, '2014-01-03 14:13:57'),
(20, 'jane.soco', 0000000024, '2014-01-03 14:14:36'),
(21, 'jethro.bumathay', 0000000025, '2014-01-03 14:50:12'),
(22, 'frechin.chu', 0000000026, '2014-01-03 14:50:53'),
(23, 'tony.chu', 0000000027, '2014-01-03 14:51:34'),
(24, 'katrina.bernales', 0000000028, '2014-01-03 14:52:16'),
(25, 'joy.delarosa', 0000000029, '2014-01-03 14:53:52'),
(26, 'marc.concio', 0000000030, '2014-01-03 14:54:21'),
(27, 'john.aguilar', 0000000031, '2014-01-03 14:55:07'),
(28, 'john.bonjovi', 0000000032, '2014-01-03 14:56:53'),
(29, 'susan.vega', 0000000033, '2014-01-03 14:57:33'),
(30, 'kathy.ban', 0000000034, '2014-01-03 14:58:14'),
(31, 'juan.delacruz', 0000000035, '2014-01-03 16:18:33');

-- --------------------------------------------------------

--
-- Table structure for table `rewards_shop_cart_items`
--

CREATE TABLE IF NOT EXISTS `rewards_shop_cart_items` (
  `id` int(11) NOT NULL AUTO_INCREMENT,
  `member_id` int(11) unsigned zerofill NOT NULL,
  `customer_id` int(11) unsigned zerofill NOT NULL,
  `product_id` int(11) NOT NULL,
  `quantity` int(11) NOT NULL,
  `discount` float(10,2) NOT NULL,
  `price` float(10,2) NOT NULL,
  `checkedout` int(11) NOT NULL,
  PRIMARY KEY (`id`)
) ENGINE=InnoDB  DEFAULT CHARSET=latin1 AUTO_INCREMENT=10 ;

--
-- Dumping data for table `rewards_shop_cart_items`
--

INSERT INTO `rewards_shop_cart_items` (`id`, `member_id`, `customer_id`, `product_id`, `quantity`, `discount`, `price`, `checkedout`) VALUES
(1, 00000000003, 00000000000, 2, 1, 0.00, 900.00, 1),
(2, 00000000004, 00000000000, 1, 0, 0.00, 700.00, 0),
(3, 00000000004, 00000000000, 2, 0, 0.00, 900.00, 0),
(4, 00000000004, 00000000000, 2, 1, 0.00, 900.00, 0),
(5, 00000000003, 00000000000, 2, 1, 0.00, 900.00, 0),
(6, 00000000002, 00000000000, 1, 0, 0.00, 700.00, 1),
(7, 00000000002, 00000000000, 1, 1, 0.00, 700.00, 1),
(8, 00000000002, 00000000000, 2, 1, 0.00, 900.00, 1),
(9, 00000000002, 00000000000, 4, 1, 0.00, 1700.00, 1);

-- --------------------------------------------------------

--
-- Table structure for table `rewards_terms_and_condition`
--

CREATE TABLE IF NOT EXISTS `rewards_terms_and_condition` (
  `content` text NOT NULL,
  `date_created` datetime NOT NULL,
  `date_updated` datetime NOT NULL
) ENGINE=InnoDB DEFAULT CHARSET=latin1;

--
-- Dumping data for table `rewards_terms_and_condition`
--

INSERT INTO `rewards_terms_and_condition` (`content`, `date_created`, `date_updated`) VALUES
('I hereby submit my Application to become an Ambassador or wholesale customer of Sphere Rewards products. My Application and\r\nthis Agreement become effective on the date accepted by Sphere Rewards. I certify that I am of legal age to enter into a contract\r\nin the jurisdiction where I reside.\r\n1. Parties. I understand that I am contracting with Sphere Rewards. Hereinafter, Sphere Rewards may be referred to collectively as the\r\n“Company” or “Sphere Rewards.”\r\n2. Agreement. Unless otherwise defined herein, all capitalized terms shall have the same meaning assigned to such terms in the \r\nPolicies and Procedures. The term “Agreement” shall mean the Application Enrollment Form, the Compensation Plan, and the \r\nPolicies and Procedures and any country or situation-specific addendum(s) thereto, and any other written agreement between me and the Company. I hereby agree to be bound by the Agreement.\r\n3. Compliance with Laws. I agree to comply with all applicable laws relevant to conduct of my activities as an Ambassador or wholesale customer under this Agreement. In particular (but without limitation), I must not make any actual or potentially misleading or deceptive claims in relation to commissions and other rewards that might be derived from conducting activities as an Ambassador of the Company, or in relation to Sphere Rewards products.\r\n4. Ambassador Rights. I understand that as an Ambassador of Sphere Rewards, I have the right (but not the obligation) to:\r\na. offer for sale Sphere Rewards’s products in accordance with these Terms and Conditions.\r\nb. to enroll persons as Ambassadors and wholesale customers.\r\nc. if qualified, earn bonuses and other rewards pursuant to the Compensation Plan that will be awarded on the same basis as it allows to its Ambassadors generally in respect of legitimate sales of Sphere Rewards products, and not in respect of the mere introduction of new Ambassadors and wholesale customers to the Company.\r\n5. Independent Contractor. Sphere Rewards will not treat me as an employee for federal, provincial or state tax purposes. Sphere Rewards is not responsible for withholding, and shall not withhold or deduct from my bonuses and commissions any taxes of any kind, except where required by the law of the jurisdiction wherein the Ambassador resides. I understand I am not entitled to workers compensation or unemployment security benefits self-employment taxes, federal income taxes, superannuation arrangements, annual or long service leave, workers compensation, and travel expenses of any kind from Sphere Rewards.\r\n6. Bonus Payments. I understand that I must not be in breach of the Agreement to be eligible to receive Bonuses pursuant to the Compensation Plan.\r\n7. Refunds and Product Returns. Sphere Rewards stands behind their products with a 100% satisfaction guarantee policy. If a retail customer returns product within thirty (30) days from the date the order was shipped, customer will be refunded the cost of the product minus shipping and handling charges. See 100% Satisfaction Guarantee Policy for further details.\r\nIf an Ambassador or wholesale customer returns more than $150 for a refund in any rolling twelve (12) consecutive month period, the request will constitute the Ambassador’s or wholesale customer’s voluntary cancellation of his/her Agreement, and the refund will be processed as an inventory repurchase as described in the Policies and Procedures, and the Ambassador’s or wholesale customer’s business will be cancelled.\r\n8. Amendments. The Company may amend the Agreement from time to time. The Company agrees to notify me of the amendments, which shall be posted in the Ambassador’s back office. The continuation of my Sphere Rewards business or my acceptance of bonuses or commissions after the effective date of amendments shall constitute my acceptance of any and all amendments.\r\n9. Term and Termination. The term of this Agreement is one year, subject to earlier termination in accordance with this Agreement or in accordance with law. The Company may refuse to renew this agreement for breach of the Company’s Policies and Procedures. If this agreement is not renewed, or if it is terminated for any reason, I understand that my right to sell Sphere Rewards products and receive bonuses in respect of my activities as an Ambassador will cease. The Company reserves the right to terminate this Agreement at any time upon 30 day notice if the Company elects to (1) cease business operations; (2) dissolve as a business entity; or (3) terminate distribution of its products via direct selling channels, or at any time upon not less than 7 day notice and without further notice if the Ambassador breaches this Agreement and fails to remedy the breach before the end of the notice period. I may cancel this Agreement at any time, and for any reason, upon written notice to Sphere Rewards via mail, fax or email.\r\n10. No Assignment. I may not assign any rights or delegate my duties under the Agreement without the prior written consent of Sphere Rewards. Any attempt to transfer or assign the Agreement without the express written consent of Sphere Rewards renders the Agreement voidable at the option of Sphere Rewards and may result in termination of my business.\r\n11. Release and Indemnification. To the maximum extent permitted by law, Sphere Rewards shall not be liable for, and I release Sphere Rewards and its affiliates from, all claims for consequential and exemplary damages for any claim or cause of action relating to the Agreement. I further agree to release Sphere Rewards and its affiliates from all liability arising from or relating to:\r\n(a) my breach of the Agreement;\r\n(b) the promotion or operation of a Sphere Rewards business by me or any other Ambassador or wholesale customer and any activities related to it, including, but not limited to, the presentation of products or the Compensation Plan, the operation of a motor vehicle, the lease of meeting or training facilities, etc., and agree to indemnify Sphere Rewards and its affiliates for any liability, damages, fines, penalties, or other;\r\n(c) any incorrect data or information provided by me or any other Ambassador or wholesale customer to Sphere Rewards;\r\n(d) my, or any other Ambassador or wholesale customer’s failure to provide any information or data necessary for Sphere Rewards to operate its business; or\r\n(e) awards rising from any unauthorized conduct that I undertake in operating my business.\r\nI further agree to indemnify Sphere Rewards for any liability, damages, fines, penalties or other awards arising from any unauthorized conduct that I undertake in operating my Sphere Rewards business.\r\n12. License to Use Certain Intellectual Property. The Company grants to me a non-exclusive, royalty free, revocable license to use the intellectual property in Sphere Rewards’s name, trademarks (whether registered or unregistered), and other intellectual property rights in any materials or documents pertaining to the subject matter of this Agreement for the purpose of promoting the products and sourcing potential customers. I agree the restrictions set forth in the Policies and Procedures on my use of Sphere Rewards’s name, trade names and trademarks, logos and other intellectual property and advertising in order to protect the rights, reputation and image of Sphere Rewards.\r\n13. The Agreement. In its current form and as amended by Sphere Rewards at its discretion, constitutes the entire contract between Sphere Rewards and myself. Any promises, representations, offers, or other communications not expressly set forth in the Agreement are of no force or effect.\r\n14. Waiver. Any variation or waiver by Sphere Rewards of any breach of the Agreement must be in writing and signed by an authorized officer of Sphere Rewards. Waiver by Sphere Rewards of any breach of the Agreement by me shall not operate or be construed as a waiver of any subsequent breach.\r\n15. Severability. If any provision of the Agreement is held to be invalid or unenforceable, such provision shall be reformed only to the extent necessary to make it enforceable and the balance of the Agreement will remain in full force and effect.\r\n16. Delays. Sphere Rewards is not responsible for delays in the performance of its obligations under this Agreement when performance is made commercially impracticable due to circumstances beyond its reasonable control.\r\n17. Governing Law. This agreement will be governed by and construed in accordance with the laws of the State of Utah without regard to principles of conflicts of laws.\r\n18. Dispute Resolution. All disputes and claims relating to the Company, the Agreement, or any other claims or causes of action relating to the performance of me or another distributor shall be settled totally and finally by arbitration as set forth in the Policies and Procedures. Nothing in the Agreement shall prevent the Company from applying to and obtaining from any court having jurisdiction a writ of attachment, garnishment, temporary injunction, preliminary injunction, permanent injunction or other equitable relief available to safeguard and protect its interest prior to, during, or following the filing of any arbitration or other proceeding or pending the rendition of a decision or award in connection with any arbitration or other proceeding.\r\n19. Jurisdiction and Venue. The parties consent to jurisdiction and venue before any federal or state court in Salt Lake County, State of Utah, for purposes of enforcing an award by an arbitrator or any other matter not subject to arbitration. Louisiana residents: notwithstanding the foregoing, Louisiana residents may bring an action against Sphere Rewards within jurisdiction and venue as provided by Louisiana law. Ambassadors outside the United States consent to the jurisdiction wherein a Company office is located within the resident country of the Ambassador.\r\n20. Limitation of Action. If an Ambassador wishes to bring action against Sphere Rewards for any act or omission relating to or arising from the Agreement, such action must be brought within one year from the date of the alleged conduct giving rise to the cause of action. Failure to bring such action within such time shall bar all claims against Sphere Rewards for such act or omission. Ambassador waives all claims that any other statutes of limitations apply.\r\n21. Earnings. Applicant certifies that neither Sphere Rewards - nor his/her/its sponsor - has made any claims of guaranteed earnings or representations of anticipated earning that might result from his/her/its efforts. Applicant agrees not to make any claims regarding the amount of potential earnings as an Sphere Rewards Ambassador. Applicant understands that the amount of income on may derive from the business opportunity is contingent upon his/her/its individual effort, dedication, training and supervision provided to his/her/its downline.\r\n22. Sales Activity. Applicant understands and agrees to provide Sphere Rewards with information relating to his/her/its sales activities. Applicant agrees to provide such information and further agrees to the use and disclosure of this sales information.\r\nNotice of Cancellation\r\nYou may cancel this transaction, without any penalty or obligation, within three (3) business days from the date of enrollment. You may cancel this Agreement at any time, and for any reason, upon written notice to Sphere Rewards via mail, fax or email (Except in Alaska which is within five (5) business days from the date of enrollment.). If you cancel, any property traded in, any payments made by you under the contract or sale, and any negotiable instrument executed by you will be returned within ten (10) business days following receipt by the seller of your cancellation notice, and any security interest arising out of the transaction will be cancelled. All cancellation rights shall be pursuant to the jurisdiction within which Ambassador resides.\r\nTo cancel this transaction, submit your signed and dated written request to: Sphere Rewards 10701 South River Front Parkway Suite 110, South Jordan, Utah 84095. FAX 801-727-3619; E-mail cs@oceanavenue.com\r\n', '0000-00-00 00:00:00', '0000-00-00 00:00:00');

-- --------------------------------------------------------

--
-- Table structure for table `rewards_users`
--

CREATE TABLE IF NOT EXISTS `rewards_users` (
  `id` int(11) NOT NULL AUTO_INCREMENT,
  `user` varchar(64) NOT NULL,
  `pass` varchar(32) NOT NULL,
  `role` int(1) NOT NULL,
  `fullname` varchar(130) NOT NULL,
  `email` varchar(64) NOT NULL,
  `status` int(1) NOT NULL,
  `creation_date` datetime NOT NULL,
  `created_by` int(11) NOT NULL,
  `login_attempt_count` int(1) NOT NULL,
  `notify_password_change` int(1) NOT NULL,
  `reset_password` int(1) NOT NULL,
  `reset_request_notify` int(1) NOT NULL,
  `locked` int(1) NOT NULL,
  PRIMARY KEY (`id`)
) ENGINE=InnoDB  DEFAULT CHARSET=latin1 AUTO_INCREMENT=36 ;

--
-- Dumping data for table `rewards_users`
--

INSERT INTO `rewards_users` (`id`, `user`, `pass`, `role`, `fullname`, `email`, `status`, `creation_date`, `created_by`, `login_attempt_count`, `notify_password_change`, `reset_password`, `reset_request_notify`, `locked`) VALUES
(1, 'admin', '4eb93d97bacca7a6cfc55a591bd267e3', 1, 'Sphere Rewards Administrator', 'amiagin03@gmail.com', 2, '2013-10-01 06:25:12', 1, 0, 0, 0, 0, 0),
(2, '00000000001', 'cebd718b03053271516480bf327a3f95', 4, 'Jon Dionisio', 'dionisiodotcom@yahoo.com', 2, '2013-11-21 06:34:20', 0, 0, 0, 0, 0, 0),
(3, '00000000002', '17fd99593734e1ca6bd220b98b688b38', 4, 'Jon Dionisio', 'jon.dionisio@tomato.ph', 2, '2013-11-21 06:55:13', 0, 1, 0, 0, 0, 0),
(4, '00000000003', '70f4f0020866f614874d71f600754f9d', 4, 'Cris del Rosario', 'nigaima@gmail.com', 5, '2013-11-21 07:48:20', 0, 0, 0, 0, 0, 0),
(6, '00000000005', 'c060f2e7940b6422e59270fcdf311040', 4, 'Angelito tan', 'angelito.t@88db.com.ph', 2, '2013-12-12 10:32:52', 0, 0, 0, 0, 0, 0),
(7, '00000000006', '6e2f37f94dbfd81782dea497decb4016', 4, 'Lawrence Cruz', 'lawrence.c@88db.com.ph', 2, '2013-12-12 10:39:16', 0, 0, 0, 0, 0, 0),
(16, '00000000016', '233314f30b32570f43596a10d8936738', 4, 'Jeffrey malonda', 'Jeff.M@88db.com.ph', 2, '2013-12-16 07:43:04', 0, 0, 0, 0, 0, 0),
(17, '00000000017', 'a2da1373a06e96ef37d369f609845378', 4, 'choi', 'angelito.tan23@yahoo.com', 2, '0000-00-00 00:00:00', 0, 0, 0, 0, 0, 0),
(18, '00000000018', '12ec68957c4af29c8cf347a708dc058c', 4, 'jayjay', 'test@yahoo.com', 2, '0000-00-00 00:00:00', 0, 2, 0, 0, 0, 0),
(19, '00000000019', '12ec68957c4af29c8cf347a708dc058c', 4, 'choi test', 'angelito.tan23@gmail.com', 2, '0000-00-00 00:00:00', 0, 5, 0, 0, 0, 0),
(20, '00000000020', '12ec68957c4af29c8cf347a708dc058c', 4, 'Avegail Dela Rosa', 'gayegay@yahoo.com', 2, '2014-01-02 11:19:59', 0, 5, 0, 0, 0, 0),
(21, '00000000021', '12ec68957c4af29c8cf347a708dc058c', 4, 'Jason Dela Rosa', 'jaydlr@yahoo.com', 2, '2014-01-02 12:18:10', 0, 2, 0, 0, 0, 0),
(22, '00000000022', '12ec68957c4af29c8cf347a708dc058c', 4, 'Ana Anastacio', 'ana@yahoo.com', 2, '2014-01-02 14:32:13', 0, 5, 0, 0, 0, 0),
(23, '00000000023', '12ec68957c4af29c8cf347a708dc058c', 4, 'Jayjay  Viray', 'jayjay.v@yahoo.com', 2, '2014-01-03 14:13:55', 0, 0, 0, 0, 0, 0),
(24, '00000000024', '12ec68957c4af29c8cf347a708dc058c', 4, 'Jane Soco', 'jcsoco@jads.com', 2, '2014-01-03 14:14:34', 0, 0, 0, 0, 0, 0),
(25, '00000000025', '12ec68957c4af29c8cf347a708dc058c', 4, 'Jethro Bumathay', 'jethro@yahoo.com', 2, '2014-01-03 14:50:10', 0, 0, 0, 0, 0, 0),
(26, '00000000026', '12ec68957c4af29c8cf347a708dc058c', 4, 'Frechin Chu', 'frchin@yahoo.com', 2, '2014-01-03 14:50:51', 0, 0, 0, 0, 0, 0),
(27, '00000000027', '12ec68957c4af29c8cf347a708dc058c', 4, 'Tony  Chu', 'tonychu@43.com', 2, '2014-01-03 14:51:32', 0, 0, 0, 0, 0, 0),
(28, '00000000028', '12ec68957c4af29c8cf347a708dc058c', 4, 'Katrina Bernales', 'kc@yahoo.com', 2, '2014-01-03 14:52:14', 0, 0, 0, 0, 0, 0),
(29, '00000000029', '12ec68957c4af29c8cf347a708dc058c', 4, 'Joy Dela Rosa', 'joy@gmail.com', 2, '2014-01-03 14:53:50', 0, 3, 0, 0, 0, 0),
(30, '00000000030', '12ec68957c4af29c8cf347a708dc058c', 4, 'Marc Concio', 'marc@yaoo.com', 2, '2014-01-03 14:54:19', 0, 0, 0, 0, 0, 0),
(31, '00000000031', '12ec68957c4af29c8cf347a708dc058c', 4, 'John Aguilar', 'john@yahoo.com', 2, '2014-01-03 14:55:05', 0, 0, 0, 0, 0, 0),
(32, '00000000032', '12ec68957c4af29c8cf347a708dc058c', 4, 'John Bon Jovi', 'jon@yahoo.com', 2, '2014-01-03 14:56:51', 0, 0, 0, 0, 0, 0),
(33, '00000000033', '12ec68957c4af29c8cf347a708dc058c', 4, 'Susan Vega', 'susan@yahoo.com', 2, '2014-01-03 14:57:31', 0, 0, 0, 0, 0, 0),
(34, '00000000034', '12ec68957c4af29c8cf347a708dc058c', 4, 'Kathy Ban', 'kathy@yahoo.com', 2, '2014-01-03 14:58:12', 0, 0, 0, 0, 0, 0),
(35, '00000000035', '16a1ae3a1233cfe5e559f042c7961b81', 4, 'Juan Dela Cruz', 'dsaasdf@dfs', 1, '2014-01-03 16:18:31', 0, 0, 0, 0, 0, 0);

-- --------------------------------------------------------

--
-- Table structure for table `rewards_user_activation_codes`
--

CREATE TABLE IF NOT EXISTS `rewards_user_activation_codes` (
  `id` int(11) NOT NULL AUTO_INCREMENT,
  `member_id` int(10) unsigned zerofill NOT NULL,
  `activation_code` varchar(32) NOT NULL DEFAULT '',
  `date_activated` datetime NOT NULL,
  `date_generated` datetime NOT NULL,
  `activated` int(11) NOT NULL,
  PRIMARY KEY (`id`)
) ENGINE=InnoDB  DEFAULT CHARSET=latin1 AUTO_INCREMENT=32 ;

--
-- Dumping data for table `rewards_user_activation_codes`
--

INSERT INTO `rewards_user_activation_codes` (`id`, `member_id`, `activation_code`, `date_activated`, `date_generated`, `activated`) VALUES
(1, 0000000001, '6745eb97b27561fd411c11f673965034', '2013-11-21 11:22:13', '2013-11-21 06:34:20', 1),
(2, 0000000002, '47c3f3e3eff058a9a9ef007bbc76ca84', '2013-11-21 11:20:52', '2013-11-21 06:55:13', 1),
(3, 0000000003, '9b2a290dbf64845eb8846d5274b775b8', '2013-11-21 11:14:49', '2013-11-21 07:48:20', 1),
(4, 0000000004, '63c49357c740242d2a2b4ceb6170300c', '2013-11-22 08:05:10', '2013-11-22 08:04:50', 1),
(5, 0000000005, 'd29f13a39cdc1247e0997c8fdbea82db', '2013-12-12 10:33:35', '2013-12-12 10:32:52', 1),
(6, 0000000006, '14bac6c0bc7893963d616ae160c11e5c', '2013-12-12 10:39:48', '2013-12-12 10:39:16', 1),
(7, 0000000007, '', '2013-12-16 04:17:59', '2013-12-16 04:17:27', 1),
(8, 0000000008, '', '0000-00-00 00:00:00', '2013-12-16 04:19:06', 0),
(9, 0000000009, '', '0000-00-00 00:00:00', '2013-12-16 04:25:20', 0),
(10, 0000000011, '', '0000-00-00 00:00:00', '2013-12-16 04:52:20', 0),
(11, 0000000012, '', '0000-00-00 00:00:00', '2013-12-16 05:39:20', 0),
(12, 0000000013, '', '0000-00-00 00:00:00', '2013-12-16 05:41:34', 0),
(13, 0000000014, '', '0000-00-00 00:00:00', '2013-12-16 06:32:25', 0),
(14, 0000000015, '', '0000-00-00 00:00:00', '2013-12-16 06:35:36', 0),
(15, 0000000016, '', '0000-00-00 00:00:00', '2013-12-16 07:43:04', 0),
(16, 0000000020, '6facd3ffe4d72737b10e2c2bdd862362', '0000-00-00 00:00:00', '2014-01-02 11:20:00', 0),
(17, 0000000021, '8c5260260df35e0338f5e6933fea97dd', '0000-00-00 00:00:00', '2014-01-02 12:18:11', 0),
(18, 0000000022, '10676f953d19505a29a7a86f1a24edf9', '0000-00-00 00:00:00', '2014-01-02 14:32:14', 0),
(19, 0000000023, 'c0f60c67dbaeac01bea1b337fe745c72', '0000-00-00 00:00:00', '2014-01-03 14:13:56', 0),
(20, 0000000024, '5275450574b02a31a5fd86e4e5c3cdfc', '0000-00-00 00:00:00', '2014-01-03 14:14:35', 0),
(21, 0000000025, 'cfea4b3c03f2015c83a2cc055e40f2ec', '0000-00-00 00:00:00', '2014-01-03 14:50:11', 0),
(22, 0000000026, '1e768e225947d698326e6bd0712faddf', '0000-00-00 00:00:00', '2014-01-03 14:50:52', 0),
(23, 0000000027, 'a5f8ee865af82fd0d8308bb19e4d0ebe', '0000-00-00 00:00:00', '2014-01-03 14:51:33', 0),
(24, 0000000028, '0f66ec8544cd09fbbc8b6eddb0ef3f0f', '0000-00-00 00:00:00', '2014-01-03 14:52:15', 0),
(25, 0000000029, 'f34cd550c2b12c8b5057e475df796c23', '0000-00-00 00:00:00', '2014-01-03 14:53:51', 0),
(26, 0000000030, '7f0b54b0e5c55bf9cb4150dfc6e9c473', '0000-00-00 00:00:00', '2014-01-03 14:54:20', 0),
(27, 0000000031, '5462aeea675026c4bee76d0e6aa95244', '0000-00-00 00:00:00', '2014-01-03 14:55:06', 0),
(28, 0000000032, '2f5f046e7269beb3f5bf00a7a77a9e38', '0000-00-00 00:00:00', '2014-01-03 14:56:52', 0),
(29, 0000000033, '33f8dccb72767f1711a95bf4eb08d9ef', '0000-00-00 00:00:00', '2014-01-03 14:57:32', 0),
(30, 0000000034, 'd0f29a1d0879e0e694d76556009670dc', '0000-00-00 00:00:00', '2014-01-03 14:58:13', 0),
(31, 0000000035, '44a08781c547aa2107ebf5e656f79c33', '0000-00-00 00:00:00', '2014-01-03 16:18:32', 0);

-- --------------------------------------------------------

--
-- Table structure for table `rewards_user_status`
--

CREATE TABLE IF NOT EXISTS `rewards_user_status` (
  `id` int(11) NOT NULL AUTO_INCREMENT,
  `name` varchar(12) NOT NULL,
  PRIMARY KEY (`id`)
) ENGINE=InnoDB  DEFAULT CHARSET=latin1 AUTO_INCREMENT=6 ;

--
-- Dumping data for table `rewards_user_status`
--

INSERT INTO `rewards_user_status` (`id`, `name`) VALUES
(1, 'New'),
(2, 'Active'),
(3, 'Deactivated'),
(4, 'Banned'),
(5, 'Cancelled');

-- --------------------------------------------------------

--
-- Table structure for table `rewards_user_types`
--

CREATE TABLE IF NOT EXISTS `rewards_user_types` (
  `id` int(11) NOT NULL AUTO_INCREMENT,
  `name` varchar(16) NOT NULL,
  PRIMARY KEY (`id`)
) ENGINE=InnoDB  DEFAULT CHARSET=latin1 AUTO_INCREMENT=5 ;

--
-- Dumping data for table `rewards_user_types`
--

INSERT INTO `rewards_user_types` (`id`, `name`) VALUES
(1, 'Admin'),
(2, 'Manager'),
(3, 'Sales'),
(4, 'Member');

/*!40101 SET CHARACTER_SET_CLIENT=@OLD_CHARACTER_SET_CLIENT */;
/*!40101 SET CHARACTER_SET_RESULTS=@OLD_CHARACTER_SET_RESULTS */;
/*!40101 SET COLLATION_CONNECTION=@OLD_COLLATION_CONNECTION */;
